observation_date,PCOFFOTMUSDM
1990-01-01,75.8299865722656
1990-02-01,84.0100097656250
1990-03-01,93.9599914550781
1990-04-01,93.7300109863281
1990-05-01,92.0199890136719
1990-06-01,88.2600097656250
1990-07-01,86.4800109863281
1990-08-01,94.4200134277344
1990-09-01,94.9200134277344
1990-10-01,91.4100036621094
1990-11-01,84.8399963378906
1990-12-01,89.8900146484375
1991-01-01,86.3200073242188
1991-02-01,89.5700073242188
1991-03-01,93.7200012207031
1991-04-01,92.2699890136719
1991-05-01,87.5899963378906
1991-06-01,85.5000000000000
1991-07-01,82.8082580566406
1991-08-01,81.6188049316406
1991-09-01,87.4509887695313
1991-10-01,79.8618164062500
1991-11-01,78.5177917480469
1991-12-01,75.0966796875000
1992-01-01,73.0318181818182
1992-02-01,69.2980000000000
1992-03-01,69.8936363636364
1992-04-01,66.5222727272727
1992-05-01,60.7966666666667
1992-06-01,59.4481818181818
1992-07-01,58.3491304347826
1992-08-01,53.3538095238095
1992-09-01,51.6731818181818
1992-10-01,50.8300000000000
1992-11-01,52.5128571428572
1992-12-01,75.1391304347826
1993-01-01,71.8190476190477
1993-02-01,67.4365000000000
1993-03-01,64.6813043478261
1993-04-01,58.4145454545454
1993-05-01,61.6590476190476
1993-06-01,63.1904545454545
1993-07-01,70.4790909090909
1993-08-01,76.1872727272727
1993-09-01,81.1218181818182
1993-10-01,76.6433333333334
1993-11-01,79.2386363636364
1993-12-01,82.5526086956522
1994-01-01,79.5823809523809
1994-02-01,83.2000000000000
1994-03-01,87.0147826086956
1994-04-01,90.9376190476191
1994-05-01,117.1663636363640
1994-06-01,133.3613636363640
1994-07-01,201.4100000000000
1994-08-01,199.1395652173910
1994-09-01,218.6804545454550
1994-10-01,207.3138095238090
1994-11-01,188.1163636363640
1994-12-01,162.2650000000000
1995-01-01,171.0881818181820
1995-02-01,167.4750000000000
1995-03-01,179.2108695652170
1995-04-01,173.2370000000000
1995-05-01,173.2456521739130
1995-06-01,158.6031818181820
1995-07-01,140.2966666666670
1995-08-01,150.9917391304350
1995-09-01,137.1380952380950
1995-10-01,127.0859090909090
1995-11-01,125.2604545454550
1995-12-01,106.3680952380950
1996-01-01,107.9617391304350
1996-02-01,124.7804761904760
1996-03-01,120.8076190476190
1996-04-01,121.8831818181820
1996-05-01,129.5956521739130
1996-06-01,125.0300000000000
1996-07-01,123.7008695652170
1996-08-01,125.5077272727270
1996-09-01,119.8123809523810
1996-10-01,123.7769565217390
1996-11-01,123.9138095238100
1996-12-01,116.8936363636360
1997-01-01,131.2339130434780
1997-02-01,166.3255000000000
1997-03-01,193.4080952380950
1997-04-01,205.4409090909090
1997-05-01,265.6059090909090
1997-06-01,226.7609523809520
1997-07-01,190.1582608695650
1997-08-01,191.0990476190480
1997-09-01,190.8645454545450
1997-10-01,169.1491304347830
1997-11-01,160.3115000000000
1997-12-01,176.7795652173910
1998-01-01,176.9136363636360
1998-02-01,178.3740000000000
1998-03-01,158.3900000000000
1998-04-01,150.2550000000000
1998-05-01,138.9376190476190
1998-06-01,126.6631818181820
1998-07-01,116.9413043478260
1998-08-01,123.6471428571430
1998-09-01,112.9440909090910
1998-10-01,109.3872727272730
1998-11-01,116.1219047619050
1998-12-01,117.0560869565220
1999-01-01,114.2276190476190
1999-02-01,104.7620000000000
1999-03-01,105.1321739130430
1999-04-01,102.8286363636360
1999-05-01,111.3547619047620
1999-06-01,108.1172727272730
1999-07-01,95.7918181818182
1999-08-01,91.4995454545454
1999-09-01,84.5240909090909
1999-10-01,92.7590476190476
1999-11-01,112.4509090909090
1999-12-01,123.1652173913040
2000-01-01,111.8514285714290
2000-02-01,104.0414285714290
2000-03-01,100.6526086956520
2000-04-01,94.6500000000000
2000-05-01,91.5060869565217
2000-06-01,86.8940909090909
2000-07-01,87.6561904761905
2000-08-01,79.3039130434783
2000-09-01,75.8352380952381
2000-10-01,76.7645454545455
2000-11-01,71.3904545454546
2000-12-01,65.9033333333333
2001-01-01,65.6526086956522
2001-02-01,67.2755000000000
2001-03-01,66.6659090909091
2001-04-01,65.9976190476191
2001-05-01,69.6313043478261
2001-06-01,63.8461904761905
2001-07-01,58.9413636363636
2001-08-01,59.3313043478261
2001-09-01,58.2670000000000
2001-10-01,56.3678260869565
2001-11-01,58.8477272727273
2001-12-01,56.5852380952381
2002-01-01,58.2430434782609
2002-02-01,59.1160000000000
2002-03-01,64.0704761904762
2002-04-01,65.3368181818182
2002-05-01,61.4604347826087
2002-06-01,58.5555000000000
2002-07-01,56.4773913043478
2002-08-01,54.3640909090909
2002-09-01,60.6661904761905
2002-10-01,65.7308695652174
2002-11-01,69.8680952380952
2002-12-01,63.6559090909091
2003-01-01,65.3834782608696
2003-02-01,66.4085000000000
2003-03-01,61.7480952380952
2003-04-01,64.6922727272727
2003-05-01,66.0968181818182
2003-06-01,61.0466666666667
2003-07-01,62.9513043478261
2003-08-01,63.8914285714286
2003-09-01,66.4104545454545
2003-10-01,64.2834782608696
2003-11-01,62.2775000000000
2003-12-01,64.8843478260870
2004-01-01,72.0286363636364
2004-02-01,76.2255000000000
2004-03-01,78.0591304347826
2004-04-01,75.5377272727273
2004-05-01,77.4400000000000
2004-06-01,82.2145454545455
2004-07-01,74.9677272727273
2004-08-01,73.6081818181818
2004-09-01,80.4659090909091
2004-10-01,80.5509523809524
2004-11-01,90.2677272727273
2004-12-01,104.3882608695650
2005-01-01,107.1642857142860
2005-02-01,120.8325000000000
2005-03-01,134.7778260869570
2005-04-01,129.5295238095240
2005-05-01,128.3977272727270
2005-06-01,121.1559090909090
2005-07-01,109.9285714285710
2005-08-01,108.2039130434780
2005-09-01,99.4909090909091
2005-10-01,105.0990476190480
2005-11-01,107.7422727272730
2005-12-01,105.9245454545450
2006-01-01,124.1986363636360
2006-02-01,119.1215000000000
2006-03-01,113.6604347826090
2006-04-01,115.3375000000000
2006-05-01,109.6295652173910
2006-06-01,103.1495454545450
2006-07-01,104.9976190476190
2006-08-01,111.7300000000000
2006-09-01,109.8266666666670
2006-10-01,110.6331818181820
2006-11-01,122.2654545454550
2006-12-01,128.3561904761910
2007-01-01,124.6943478260870
2007-02-01,122.0320000000000
2007-03-01,117.0836363636360
2007-04-01,114.6947619047620
2007-05-01,113.3269565217390
2007-06-01,119.3280952380950
2007-07-01,117.6331818181820
2007-08-01,123.1508695652170
2007-09-01,128.0435000000000
2007-10-01,134.2908695652170
2007-11-01,131.0454545454550
2007-12-01,138.0428571428570
2008-01-01,139.8226086956520
2008-02-01,157.2895238095240
2008-03-01,149.2204761904760
2008-04-01,140.7045454545450
2008-05-01,142.0436363636360
2008-06-01,146.1495238095240
2008-07-01,147.3569565217390
2008-08-01,146.4280952380950
2008-09-01,143.2690909090910
2008-10-01,123.5869565217390
2008-11-01,121.8860000000000
2008-12-01,118.7921739130430
2009-01-01,127.8072727272730
2009-02-01,129.4815000000000
2009-03-01,128.5200000000000
2009-04-01,135.0781818181820
2009-05-01,150.4923809523810
2009-06-01,149.7813636363640
2009-07-01,140.8978260869570
2009-08-01,149.7619047619050
2009-09-01,148.5100000000000
2009-10-01,154.5722727272730
2009-11-01,152.2104761904760
2009-12-01,157.9439130434780
2010-01-01,158.6557142857140
2010-02-01,157.8565000000000
2010-03-01,164.5026086956520
2010-04-01,169.3895454545450
2010-05-01,173.3690476190480
2010-06-01,190.9031818181820
2010-07-01,203.2136363636360
2010-08-01,211.5900000000000
2010-09-01,222.7131818181820
2010-10-01,217.4390476190480
2010-11-01,233.5127272727270
2010-12-01,249.4439130434780
2011-01-01,263.7657142857140
2011-02-01,288.3885000000000
2011-03-01,292.0673913043480
2011-04-01,300.4771428571430
2011-05-01,291.0659090909090
2011-06-01,274.9809090909090
2011-07-01,268.0214285714290
2011-08-01,270.4404347826090
2011-09-01,274.8804545454550
2011-10-01,247.8238095238100
2011-11-01,245.0872727272730
2011-12-01,236.2977272727270
2012-01-01,237.2068181818180
2012-02-01,224.1576190476190
2012-03-01,201.2559090909090
2012-04-01,191.4485714285710
2012-05-01,184.3647826086960
2012-06-01,168.6866666666670
2012-07-01,190.4459090909090
2012-08-01,174.8243478260870
2012-09-01,178.9770000000000
2012-10-01,173.3173913043480
2012-11-01,159.9063636363640
2012-12-01,152.7076190476190
2013-01-01,157.0373913043480
2013-02-01,149.4590000000000
2013-03-01,149.8080952380950
2013-04-01,149.7868181818180
2013-05-01,147.1860869565220
2013-06-01,138.2595000000000
2013-07-01,138.3873913043480
2013-08-01,135.1540909090910
2013-09-01,132.2814285714290
2013-10-01,128.6986956521740
2013-11-01,122.0180952380950
2013-12-01,125.7354545454550
2014-01-01,132.5182608695650
2014-02-01,173.6435000000000
2014-03-01,214.0866666666670
2014-04-01,223.4940909090910
2014-05-01,214.2027272727270
2014-06-01,197.8909523809520
2014-07-01,196.8952173913040
2014-08-01,212.9652380952380
2014-09-01,210.5263636363640
2014-10-01,225.2856521739130
2014-11-01,209.3760000000000
2014-12-01,193.3860869565220
2015-01-01,189.6263636363640
2015-02-01,178.8885000000000
2015-03-01,160.7359090909090
2015-04-01,163.9977272727270
2015-05-01,158.4828571428570
2015-06-01,159.7550000000000
2015-07-01,154.4465217391300
2015-08-01,156.9233333333330
2015-09-01,146.1468181818180
2015-10-01,153.2504545454550
2015-11-01,147.9785714285710
2015-12-01,148.6121739130440
2016-01-01,145.4347619047620
2016-02-01,147.6971428571430
2016-03-01,157.6313043478260
2016-04-01,154.2176190476190
2016-05-01,155.1945454545450
2016-06-01,165.4522727272730
2016-07-01,171.7638095238100
2016-08-01,167.5413043478260
2016-09-01,176.2954545454550
2016-10-01,178.9552380952380
2016-11-01,184.1154545454550
2016-12-01,161.7809090909090
2017-01-01,168.6127272727270
2017-02-01,166.3510000000000
2017-03-01,160.1504347826090
2017-04-01,155.5740000000000
2017-05-01,150.0000000000000
2017-06-01,143.2227272727270
2017-07-01,149.8028571428570
2017-08-01,149.8773913043480
2017-09-01,146.5604761904760
2017-10-01,140.7095454545450
2017-11-01,140.9040909090910
2017-12-01,137.3061904761900
2018-01-01,138.8760869565220
2018-02-01,136.2835000000000
2018-03-01,134.9390909090910
2018-04-01,134.3395238095240
2018-05-01,135.6095652173910
2018-06-01,134.0338095238100
2018-07-01,130.5986363636360
2018-08-01,125.2108695652170
2018-09-01,121.1800000000000
2018-10-01,137.3417391304350
2018-11-01,137.1077272727270
2018-12-01,127.0585714285710
2019-01-01,128.3573913043480
2019-02-01,128.4540000000000
2019-03-01,123.8885714285710
2019-04-01,120.9904545454550
2019-05-01,120.5491304347830
2019-06-01,129.7235000000000
2019-07-01,135.4704347826090
2019-08-01,126.2795454545450
2019-09-01,128.8942857142860
2019-10-01,127.0513043478260
2019-11-01,140.9814285714290
2019-12-01,156.0290909090910
2020-01-01,142.9365217391300
2020-02-01,135.5005000000000
2020-03-01,148.3272727272730
2020-04-01,154.6304545454550
2020-05-01,149.9161904761900
2020-06-01,141.5200000000000
2020-07-01,146.7808695652170
2020-08-01,163.0714285714290
2020-09-01,166.5645454545450
2020-10-01,152.0568181818180
2020-11-01,150.7261904761910
2020-12-01,157.9526086956520
2021-01-01,160.8195238095240
2021-02-01,166.4290000000000
2021-03-01,167.0508695652170
2021-04-01,168.6486363636360
2021-05-01,186.4628571428570
2021-06-01,192.0645454545450
2021-07-01,204.5009090909090
2021-08-01,216.4345454545450
2021-09-01,225.5368181818180
2021-10-01,241.0733333333330
2021-11-01,258.9781818181820
2021-12-01,268.3291304347830
2022-01-01,271.0814285714290
2022-02-01,279.8335000000000
2022-03-01,258.9934782608700
2022-04-01,265.3976190476190
2022-05-01,260.4495454545450
2022-06-01,273.7636363636360
2022-07-01,255.9066666666670
2022-08-01,268.4834782608700
2022-09-01,267.4922727272730
2022-10-01,240.0823809523810
2022-11-01,213.7181818181820
2022-12-01,210.3886363636360
2023-01-01,206.7600000000000
2023-02-01,229.5060000000000
2023-03-01,222.6639130434780
2023-04-01,229.9555000000000
2023-05-01,220.1213043478260
2023-06-01,207.3850000000000
2023-07-01,193.4942857142860
2023-08-01,186.3469565217390
2023-09-01,183.5890476190480
2023-10-01,183.9513636363640
2023-11-01,197.4331818181820
2023-12-01,210.3104761904760
2024-01-01,203.8791304347830
2024-02-01,208.7833333333330
2024-03-01,208.9133333333330
2024-04-01,239.8663636363640
2024-05-01,232.3426086956520
2024-06-01,248.4050000000000
2024-07-01,257.0986956521740
2024-08-01,261.4377272727270
2024-09-01,278.7604761904760
2024-10-01,276.7773913043480
2024-11-01,304.9528571428570
2024-12-01,344.1186363636360
2025-01-01,353.9334782608700
2025-02-01,409.5165000000000
2025-03-01,404.2104761904760
2025-04-01,392.9127272727270
2025-05-01,397.5886363636360
2025-06-01,363.1623809523810
