time,signal
2026-01-25 06:18:46.245497,20.823515518749723
2026-01-25 07:18:46.245497,29.930573924144447
2026-01-25 08:18:46.245497,30.882761869008142
2026-01-25 09:18:46.245497,27.351274220283685
2026-01-25 10:18:46.245497,20.030022842795216
2026-01-25 11:18:46.245497,15.394274513334137
2026-01-25 12:18:46.245497,15.921780233563993
2026-01-25 13:18:46.245497,18.2090547315929
2026-01-25 14:18:46.245497,18.224417498526854
2026-01-25 15:18:46.245497,15.914100798677133
2026-01-25 16:18:46.245497,15.719900040904724
2026-01-25 17:18:46.245497,19.140089809835118
2026-01-25 18:18:46.245497,27.25853380133785
2026-01-25 19:18:46.245497,32.18353068684304
2026-01-25 20:18:46.245497,28.433767289337112
2026-01-25 21:18:46.245497,19.801609552280734
2026-01-25 22:18:46.245497,12.449748093708026
2026-01-25 23:18:46.245497,9.160072594956084
2026-01-26 00:18:46.245497,13.81273132839077
2026-01-26 01:18:46.245497,20.271302535894204
2026-01-26 02:18:46.245497,25.28513809657845
2026-01-26 03:18:46.245497,25.116837582577904
2026-01-26 04:18:46.245497,22.343000043430262
2026-01-26 05:18:46.245497,22.993157967983414
2026-01-26 06:18:46.245497,24.377918134251647
2026-01-26 07:18:46.245497,25.176045077379612
2026-01-26 08:18:46.245497,19.976220408471686
2026-01-26 09:18:46.245497,12.554556467264987
2026-01-26 10:18:46.245497,8.45659278919131
2026-01-26 11:18:46.245497,11.468087994130519
2026-01-26 12:18:46.245497,20.91769000731776
2026-01-26 13:18:46.245497,28.33310721485303
2026-01-26 14:18:46.245497,30.63863830809213
2026-01-26 15:18:46.245497,26.704957690748838
2026-01-26 16:18:46.245497,18.901884303247954
2026-01-26 17:18:46.245497,16.275770955953146
2026-01-26 18:18:46.245497,15.790731879511053
2026-01-26 19:18:46.245497,17.56776805001138
2026-01-26 20:18:46.245497,18.01912674759966
2026-01-26 21:18:46.245497,15.812831048822254
2026-01-26 22:18:46.245497,14.862411751718989
2026-01-26 23:18:46.245497,20.28704959979721
2026-01-27 00:18:46.245497,25.33701474701625
2026-01-27 01:18:46.245497,30.429359640459726
2026-01-27 02:18:46.245497,27.97124806091436
2026-01-27 03:18:46.245497,20.056227929858025
2026-01-27 04:18:46.245497,11.52071264032111
2026-01-27 05:18:46.245497,8.56527953602827
2026-01-27 06:18:46.245497,12.556067376089537
2026-01-27 07:18:46.245497,20.19968761046933
2026-01-27 08:18:46.245497,23.222149846232515
2026-01-27 09:18:46.245497,24.540103071836306
2026-01-27 10:18:46.245497,22.37079751417202
2026-01-27 11:18:46.245497,22.915225303718117
2026-01-27 12:18:46.245497,24.3427782904248
2026-01-27 13:18:46.245497,23.65921984452716
2026-01-27 14:18:46.245497,20.213571409538787
2026-01-27 15:18:46.245497,13.504566761946313
2026-01-27 16:18:46.245497,8.804041434070262
2026-01-27 17:18:46.245497,11.648284506487073
2026-01-27 18:18:46.245497,19.50692390013544
2026-01-27 19:18:46.245497,28.39931039496473
2026-01-27 20:18:46.245497,31.416470439804485
2026-01-27 21:18:46.245497,26.3292978071988
2026-01-27 22:18:46.245497,20.342627692510572
2026-01-27 23:18:46.245497,16.06307684774618
2026-01-28 00:18:46.245497,16.13332381872678
2026-01-28 01:18:46.245497,16.716500466525115
2026-01-28 02:18:46.245497,17.851985620182266
2026-01-28 03:18:46.245497,16.096511053688356
2026-01-28 04:18:46.245497,14.819258285928537
2026-01-28 05:18:46.245497,19.10483849742303
2026-01-28 06:18:46.245497,26.35502788000602
2026-01-28 07:18:46.245497,31.284462489985973
2026-01-28 08:18:46.245497,29.141176415620343
2026-01-28 09:18:46.245497,20.774794850876653
2026-01-28 10:18:46.245497,11.42388583822389
2026-01-28 11:18:46.245497,8.921001599753547
2026-01-28 12:18:46.245497,13.464229612929643
2026-01-28 13:18:46.245497,20.359201686259638
2026-01-28 14:18:46.245497,23.368476698436936
2026-01-28 15:18:46.245497,24.242214990899978
2026-01-28 16:18:46.245497,22.55654000943813
2026-01-28 17:18:46.245497,21.128167166635922
2026-01-28 18:18:46.245497,24.658778364245624
2026-01-28 19:18:46.245497,23.480264149738794
2026-01-28 20:18:46.245497,20.39591777789937
2026-01-28 21:18:46.245497,13.213702391755518
2026-01-28 22:18:46.245497,9.076549357978282
2026-01-28 23:18:46.245497,11.451572106501862
2026-01-29 00:18:46.245497,20.5335328060833
2026-01-29 01:18:46.245497,27.405422330106756
2026-01-29 02:18:46.245497,31.107475905455317
2026-01-29 03:18:46.245497,26.871979775695866
2026-01-29 04:18:46.245497,20.256689493788247
2026-01-29 05:18:46.245497,15.986597985025336
2026-01-29 06:18:46.245497,15.385405073649075
2026-01-29 07:18:46.245497,18.205112105653612
2026-01-29 08:18:46.245497,17.102066931353477
2026-01-29 09:18:46.245497,16.004521344385584
2026-01-29 10:18:46.245497,14.868421364739207
2026-01-29 11:18:46.245497,19.57786655485919
2026-01-29 12:18:46.245497,27.163462668931526
2026-01-29 13:18:46.245497,31.133951130639367
2026-01-29 14:18:46.245497,27.92630894654579
2026-01-29 15:18:46.245497,20.315522178403242
2026-01-29 16:18:46.245497,10.712185221413895
2026-01-29 17:18:46.245497,9.238786095404873
2026-01-29 18:18:46.245497,12.987148012051376
2026-01-29 19:18:46.245497,21.345858688561233
2026-01-29 20:18:46.245497,24.24959975612352
2026-01-29 21:18:46.245497,23.748799853226085
2026-01-29 22:18:46.245497,22.32039383497497
2026-01-29 23:18:46.245497,22.16979160983451
2026-01-30 00:18:46.245497,24.2776027485544
2026-01-30 01:18:46.245497,24.70175868819395
2026-01-30 02:18:46.245497,20.06541688280741
2026-01-30 03:18:46.245497,14.174170034204922
2026-01-30 04:18:46.245497,8.621508619294135
2026-01-30 05:18:46.245497,11.773224693855969
2026-01-30 06:18:46.245497,19.173236002203335
2026-01-30 07:18:46.245497,28.050131103725235
2026-01-30 08:18:46.245497,31.19985244903875
2026-01-30 09:18:46.245497,26.33651562761609
2026-01-30 10:18:46.245497,18.96829266555357
2026-01-30 11:18:46.245497,15.966109665841078
2026-01-30 12:18:46.245497,15.680389113423903
2026-01-30 13:18:46.245497,17.904747247679232
2026-01-30 14:18:46.245497,16.876375287986555
2026-01-30 15:18:46.245497,15.955964737909472
2026-01-30 16:18:46.245497,16.01203465256238
2026-01-30 17:18:46.245497,19.556104234559484
2026-01-30 18:18:46.245497,25.957940794350957
2026-01-30 19:18:46.245497,31.541174331797773
2026-01-30 20:18:46.245497,28.876441624753443
2026-01-30 21:18:46.245497,19.782506320688103
2026-01-30 22:18:46.245497,12.388899938527619
2026-01-30 23:18:46.245497,9.490689475827862
2026-01-31 00:18:46.245497,13.319029164752365
2026-01-31 01:18:46.245497,19.728143096976968
2026-01-31 02:18:46.245497,23.766376756101476
2026-01-31 03:18:46.245497,23.937309027194136
2026-01-31 04:18:46.245497,23.10045553482411
2026-01-31 05:18:46.245497,23.006496521565023
2026-01-31 06:18:46.245497,24.283320358177747
2026-01-31 07:18:46.245497,24.196796790286083
2026-01-31 08:18:46.245497,19.340454877134878
2026-01-31 09:18:46.245497,13.948583743461633
2026-01-31 10:18:46.245497,9.151493259132577
2026-01-31 11:18:46.245497,11.186692650980325
2026-01-31 12:18:46.245497,20.625538331319653
2026-01-31 13:18:46.245497,27.448695688941168
2026-01-31 14:18:46.245497,30.546651244880927
2026-01-31 15:18:46.245497,26.970284512685105
2026-01-31 16:18:46.245497,19.258854473491297
2026-01-31 17:18:46.245497,15.605268526079934
2026-01-31 18:18:46.245497,15.957465447040038
2026-01-31 19:18:46.245497,17.069155372229528
2026-01-31 20:18:46.245497,18.350534532057175
2026-01-31 21:18:46.245497,16.17913176166
2026-01-31 22:18:46.245497,15.479882817120073
2026-01-31 23:18:46.245497,19.206835972208385
2026-02-01 00:18:46.245497,26.911346178880443
2026-02-01 01:18:46.245497,30.310052472679338
2026-02-01 02:18:46.245497,29.297124786263456
2026-02-01 03:18:46.245497,19.51468824206583
2026-02-01 04:18:46.245497,11.453402803308602
2026-02-01 05:18:46.245497,9.11984460441149
2026-02-01 06:18:46.245497,13.873028862981778
2026-02-01 07:18:46.245497,19.51712021250276
2026-02-01 08:18:46.245497,23.700388005377032
2026-02-01 09:18:46.245497,24.418194741162292
2026-02-01 10:18:46.245497,22.95190899858151
2026-02-01 11:18:46.245497,22.154080324268797
2026-02-01 12:18:46.245497,23.258593752432986
2026-02-01 13:18:46.245497,23.32136146859356
2026-02-01 14:18:46.245497,19.63856552611167
2026-02-01 15:18:46.245497,13.441394756967258
2026-02-01 16:18:46.245497,9.01772403043262
2026-02-01 17:18:46.245497,11.624172086575909
2026-02-01 18:18:46.245497,19.96435544340126
2026-02-01 19:18:46.245497,29.11450477296566
2026-02-01 20:18:46.245497,31.549416185168727
2026-02-01 21:18:46.245497,26.784310960935507
2026-02-01 22:18:46.245497,20.076902349374457
2026-02-01 23:18:46.245497,16.59636317111141
2026-02-02 00:18:46.245497,16.245694534626693
2026-02-02 01:18:46.245497,17.688711502974236
2026-02-02 02:18:46.245497,17.899355365064157
2026-02-02 03:18:46.245497,16.25209358798579
2026-02-02 04:18:46.245497,15.919298232585408
2026-02-02 05:18:46.245497,18.95885106891351
2026-02-02 06:18:46.245497,27.285801002499017
2026-02-02 07:18:46.245497,29.467653892780966
2026-02-02 08:18:46.245497,27.64523114599373
2026-02-02 09:18:46.245497,20.17609955103698
2026-02-02 10:18:46.245497,11.665299791299166
2026-02-02 11:18:46.245497,9.222702590397601
2026-02-02 12:18:46.245497,13.668437979794577
2026-02-02 13:18:46.245497,19.82574462203118
2026-02-02 14:18:46.245497,24.297252300213216
2026-02-02 15:18:46.245497,24.61273375549992
2026-02-02 16:18:46.245497,21.934559400591407
2026-02-02 17:18:46.245497,22.742738429156372
2026-02-02 18:18:46.245497,23.839257126136392
2026-02-02 19:18:46.245497,23.730256139987343
2026-02-02 20:18:46.245497,20.13422495467968
2026-02-02 21:18:46.245497,13.61046467963314
2026-02-02 22:18:46.245497,8.698730089123295
2026-02-02 23:18:46.245497,12.14583583695278
2026-02-03 00:18:46.245497,20.28859988987596
2026-02-03 01:18:46.245497,28.49481019941288
2026-02-03 02:18:46.245497,31.78984537433204
2026-02-03 03:18:46.245497,26.66921983401901
2026-02-03 04:18:46.245497,19.369668732022525
2026-02-03 05:18:46.245497,16.446237280746136
2026-02-03 06:18:46.245497,15.700136376246615
2026-02-03 07:18:46.245497,17.176081917898905
2026-02-03 08:18:46.245497,17.822029264208997
2026-02-03 09:18:46.245497,16.166106736100847
2026-02-03 10:18:46.245497,15.11872237586466
2026-02-03 11:18:46.245497,19.66842675570712
2026-02-03 12:18:46.245497,27.19929326830587
2026-02-03 13:18:46.245497,30.766521159048576
2026-02-03 14:18:46.245497,29.01279874634251
2026-02-03 15:18:46.245497,19.62868773513215
2026-02-03 16:18:46.245497,11.795793226869323
2026-02-03 17:18:46.245497,8.332733185560917
2026-02-03 18:18:46.245497,13.516465613652011
2026-02-03 19:18:46.245497,19.535693535779874
2026-02-03 20:18:46.245497,24.453557559123762
2026-02-03 21:18:46.245497,24.44274931045333
2026-02-03 22:18:46.245497,22.02710854309306
2026-02-03 23:18:46.245497,21.92703860683242
2026-02-04 00:18:46.245497,24.01975999936403
2026-02-04 01:18:46.245497,24.120285756596697
2026-02-04 02:18:46.245497,20.44292928633162
2026-02-04 03:18:46.245497,13.452679443898866
2026-02-04 04:18:46.245497,8.746642868989698
2026-02-04 05:18:46.245497,11.762976317239719
2026-02-04 06:18:46.245497,19.967818749934022
2026-02-04 07:18:46.245497,28.48830784168117
2026-02-04 08:18:46.245497,30.26623397420696
2026-02-04 09:18:46.245497,26.015809631775557
2026-02-04 10:18:46.245497,20.031774232046015
2026-02-04 11:18:46.245497,15.603921775726858
2026-02-04 12:18:46.245497,16.086595492628774
2026-02-04 13:18:46.245497,17.713606684016014
2026-02-04 14:18:46.245497,18.347691540411468
2026-02-04 15:18:46.245497,16.84043557206568
2026-02-04 16:18:46.245497,15.104267634958715
2026-02-04 17:18:46.245497,19.9139667302708
2026-02-04 18:18:46.245497,26.563580990582
2026-02-04 19:18:46.245497,30.79361682477142
2026-02-04 20:18:46.245497,28.47592943841181
2026-02-04 21:18:46.245497,19.600555950483844
2026-02-04 22:18:46.245497,12.05269427955464
2026-02-04 23:18:46.245497,9.241696887818271
2026-02-05 00:18:46.245497,14.39697517051525
2026-02-05 01:18:46.245497,21.079494564873436
2026-02-05 02:18:46.245497,23.73789270115803
2026-02-05 03:18:46.245497,23.585887227258873
2026-02-05 04:18:46.245497,22.1955855156875
2026-02-05 05:18:46.245497,22.454866235744777
2026-02-05 06:18:46.245497,23.332173568909376
2026-02-05 07:18:46.245497,23.996360516545288
2026-02-05 08:18:46.245497,20.447436500864743
2026-02-05 09:18:46.245497,14.680414449721294
2026-02-05 10:18:46.245497,9.848182023901103
2026-02-05 11:18:46.245497,11.384318696161788
2026-02-05 12:18:46.245497,19.495381389008088
2026-02-05 13:18:46.245497,28.249850186767414
2026-02-05 14:18:46.245497,31.231528995231805
2026-02-05 15:18:46.245497,27.09284686246236
2026-02-05 16:18:46.245497,19.893821856942544
2026-02-05 17:18:46.245497,15.546794843748415
2026-02-05 18:18:46.245497,15.229602260905445
2026-02-05 19:18:46.245497,18.091876605859017
2026-02-05 20:18:46.245497,17.854991657021486
2026-02-05 21:18:46.245497,15.93668492073987
2026-02-05 22:18:46.245497,16.069519430717918
2026-02-05 23:18:46.245497,20.071424932984417
2026-02-06 00:18:46.245497,26.00627004162739
2026-02-06 01:18:46.245497,30.876161961990384
2026-02-06 02:18:46.245497,28.96009664525423
2026-02-06 03:18:46.245497,18.909892798784888
2026-02-06 04:18:46.245497,11.48267966122473
2026-02-06 05:18:46.245497,9.031766533273561
2026-02-06 06:18:46.245497,14.359935519546394
2026-02-06 07:18:46.245497,20.049271435654077
2026-02-06 08:18:46.245497,24.579886669637318
2026-02-06 09:18:46.245497,23.659766390683338
2026-02-06 10:18:46.245497,23.703931449597395
2026-02-06 11:18:46.245497,21.760091582535356
2026-02-06 12:18:46.245497,25.16708529993114
2026-02-06 13:18:46.245497,23.88140687967141
2026-02-06 14:18:46.245497,19.947402239819304
2026-02-06 15:18:46.245497,13.720195789673651
2026-02-06 16:18:46.245497,10.112006518077914
2026-02-06 17:18:46.245497,11.533584641606353
2026-02-06 18:18:46.245497,20.262769207700195
2026-02-06 19:18:46.245497,28.558618177533514
2026-02-06 20:18:46.245497,30.814027670384334
2026-02-06 21:18:46.245497,27.334385257867304
2026-02-06 22:18:46.245497,20.108522296179373
2026-02-06 23:18:46.245497,16.103206998008336
2026-02-07 00:18:46.245497,15.467202240573005
2026-02-07 01:18:46.245497,18.027208117938073
2026-02-07 02:18:46.245497,18.4724324921922
2026-02-07 03:18:46.245497,16.443833414543004
2026-02-07 04:18:46.245497,14.895999781539771
2026-02-07 05:18:46.245497,19.130347651047252
2026-02-07 06:18:46.245497,26.782642612432202
2026-02-07 07:18:46.245497,30.021637881370786
2026-02-07 08:18:46.245497,28.581474796864853
2026-02-07 09:18:46.245497,18.96426564740588
2026-02-07 10:18:46.245497,12.305485904649839
2026-02-07 11:18:46.245497,8.367838865441877
2026-02-07 12:18:46.245497,13.925964334525995
2026-02-07 13:18:46.245497,20.093857338297557
2026-02-07 14:18:46.245497,24.391076665814037
2026-02-07 15:18:46.245497,25.033686124289705
2026-02-07 16:18:46.245497,22.4192624621447
2026-02-07 17:18:46.245497,22.640222797723307
2026-02-07 18:18:46.245497,23.530606006096598
2026-02-07 19:18:46.245497,25.176136558031047
2026-02-07 20:18:46.245497,19.379056833746542
2026-02-07 21:18:46.245497,13.341634957073312
2026-02-07 22:18:46.245497,8.898110780662496
2026-02-07 23:18:46.245497,11.808404466079383
2026-02-08 00:18:46.245497,20.23570522268791
2026-02-08 01:18:46.245497,27.520851125432635
2026-02-08 02:18:46.245497,30.92423473764968
2026-02-08 03:18:46.245497,26.95418552823933
2026-02-08 04:18:46.245497,20.38217864957886
2026-02-08 05:18:46.245497,16.054353345872507
2026-02-08 06:18:46.245497,16.132472795782377
2026-02-08 07:18:46.245497,17.19609205220629
2026-02-08 08:18:46.245497,18.255012320130586
2026-02-08 09:18:46.245497,16.523864473767112
2026-02-08 10:18:46.245497,15.47529734247522
2026-02-08 11:18:46.245497,19.579113110957223
2026-02-08 12:18:46.245497,26.60043474760309
2026-02-08 13:18:46.245497,31.043941791006286
2026-02-08 14:18:46.245497,29.305823552862282
2026-02-08 15:18:46.245497,19.98654370730494
2026-02-08 16:18:46.245497,10.842911327140367
2026-02-08 17:18:46.245497,8.877807441161304
2026-02-08 18:18:46.245497,13.285739498553124
2026-02-08 19:18:46.245497,20.724580679300118
2026-02-08 20:18:46.245497,22.587537980853487
2026-02-08 21:18:46.245497,23.430326200481094
2026-02-08 22:18:46.245497,22.24742017390463
2026-02-08 23:18:46.245497,21.907569320841898
2026-02-09 00:18:46.245497,24.39104616778665
2026-02-09 01:18:46.245497,23.772895170187045
2026-02-09 02:18:46.245497,20.685433216522846
2026-02-09 03:18:46.245497,13.761613373240941
2026-02-09 04:18:46.245497,8.603684695181274
2026-02-09 05:18:46.245497,11.466159484344756
2026-02-09 06:18:46.245497,20.06585193832554
2026-02-09 07:18:46.245497,29.235880941679646
2026-02-09 08:18:46.245497,30.156484979234968
2026-02-09 09:18:46.245497,26.377028035430268
2026-02-09 10:18:46.245497,20.120317840156062
2026-02-09 11:18:46.245497,15.839680220039781
2026-02-09 12:18:46.245497,15.535581188787864
2026-02-09 13:18:46.245497,18.262328799677597
2026-02-09 14:18:46.245497,18.047327129653887
2026-02-09 15:18:46.245497,15.6709589550877
2026-02-09 16:18:46.245497,16.156785920418965
2026-02-09 17:18:46.245497,18.899284805376325
2026-02-09 18:18:46.245497,26.84374280313901
2026-02-09 19:18:46.245497,31.160647294728985
2026-02-09 20:18:46.245497,28.722079525124155
2026-02-09 21:18:46.245497,19.343438797573427
2026-02-09 22:18:46.245497,11.608050144160801
2026-02-09 23:18:46.245497,8.361664519715251
2026-02-10 00:18:46.245497,13.263148254238315
2026-02-10 01:18:46.245497,19.75849033008002
2026-02-10 02:18:46.245497,24.45378904100654
2026-02-10 03:18:46.245497,23.813224507202623
2026-02-10 04:18:46.245497,22.4259623981379
2026-02-10 05:18:46.245497,22.447909893592524
2026-02-10 06:18:46.245497,23.852102839269094
2026-02-10 07:18:46.245497,23.471142632836834
2026-02-10 08:18:46.245497,19.53011455470833
2026-02-10 09:18:46.245497,12.225653920598862
2026-02-10 10:18:46.245497,9.50440414141557
2026-02-10 11:18:46.245497,12.252994066055305
2026-02-10 12:18:46.245497,19.07790666300096
2026-02-10 13:18:46.245497,28.26163446460325
2026-02-10 14:18:46.245497,30.97620312479861
2026-02-10 15:18:46.245497,25.954430887399518
2026-02-10 16:18:46.245497,19.210049005330617
2026-02-10 17:18:46.245497,16.016654200731075
2026-02-10 18:18:46.245497,15.473628572281894
2026-02-10 19:18:46.245497,17.184922075263113
2026-02-10 20:18:46.245497,17.747962085397717
2026-02-10 21:18:46.245497,15.10317997048002
2026-02-10 22:18:46.245497,15.920688670419578
2026-02-10 23:18:46.245497,19.299747908455693
2026-02-11 00:18:46.245497,26.686310516481957
2026-02-11 01:18:46.245497,31.499861832953947
2026-02-11 02:18:46.245497,28.733277091457193
2026-02-11 03:18:46.245497,19.707193670184566
2026-02-11 04:18:46.245497,10.86737711207937
2026-02-11 05:18:46.245497,9.465591267409978
2026-02-11 06:18:46.245497,13.65327728321451
2026-02-11 07:18:46.245497,20.341853645402338
2026-02-11 08:18:46.245497,23.484783931987476
2026-02-11 09:18:46.245497,24.02852340699745
2026-02-11 10:18:46.245497,22.94864245655253
2026-02-11 11:18:46.245497,21.937487506188287
2026-02-11 12:18:46.245497,23.95304199289163
2026-02-11 13:18:46.245497,24.015637211873006
2026-02-11 14:18:46.245497,19.83275073770823
2026-02-11 15:18:46.245497,13.010948151648243
2026-02-11 16:18:46.245497,8.917222662814982
2026-02-11 17:18:46.245497,11.363329947607154
2026-02-11 18:18:46.245497,20.036277067795826
2026-02-11 19:18:46.245497,28.52604706703258
2026-02-11 20:18:46.245497,30.822359657741348
2026-02-11 21:18:46.245497,28.131424986111696
2026-02-11 22:18:46.245497,20.042426008100172
2026-02-11 23:18:46.245497,15.90946216166681
2026-02-12 00:18:46.245497,15.93055074676949
2026-02-12 01:18:46.245497,17.28731530463005
2026-02-12 02:18:46.245497,17.983335374413972
2026-02-12 03:18:46.245497,15.41114715169093
2026-02-12 04:18:46.245497,15.602768598012148
2026-02-12 05:18:46.245497,18.743607026042522
2026-02-12 06:18:46.245497,26.75158030720455
2026-02-12 07:18:46.245497,30.34438254519609
2026-02-12 08:18:46.245497,28.121110268527836
2026-02-12 09:18:46.245497,20.225197538945245
2026-02-12 10:18:46.245497,11.726431739102217
2026-02-12 11:18:46.245497,8.655606125046681
2026-02-12 12:18:46.245497,13.414604404284907
2026-02-12 13:18:46.245497,20.43391164698131
2026-02-12 14:18:46.245497,24.63386939920177
2026-02-12 15:18:46.245497,24.765370127653938
2026-02-12 16:18:46.245497,22.975203980559346
2026-02-12 17:18:46.245497,22.221252754989816
2026-02-12 18:18:46.245497,24.557148161189797
2026-02-12 19:18:46.245497,24.528910635924525
2026-02-12 20:18:46.245497,20.871270280158416
2026-02-12 21:18:46.245497,13.58041560801659
2026-02-12 22:18:46.245497,8.6035939632353
2026-02-12 23:18:46.245497,11.015499309027012
2026-02-13 00:18:46.245497,20.11407127443303
2026-02-13 01:18:46.245497,28.137838876882856
2026-02-13 02:18:46.245497,31.14396595488962
2026-02-13 03:18:46.245497,26.624751399052673
2026-02-13 04:18:46.245497,18.986914388332053
2026-02-13 05:18:46.245497,15.861251221530535
2026-02-13 06:18:46.245497,15.993905365072802
2026-02-13 07:18:46.245497,17.622728788306976
2026-02-13 08:18:46.245497,18.03083265606916
2026-02-13 09:18:46.245497,15.493332324032965
2026-02-13 10:18:46.245497,15.064219684630512
2026-02-13 11:18:46.245497,19.528262829920475
2026-02-13 12:18:46.245497,26.663054188654407
2026-02-13 13:18:46.245497,30.685124272346314
2026-02-13 14:18:46.245497,28.26154208669938
2026-02-13 15:18:46.245497,19.98164842952656
2026-02-13 16:18:46.245497,11.67968049002932
2026-02-13 17:18:46.245497,9.392415133702197
2026-02-13 18:18:46.245497,12.438517928990363
2026-02-13 19:18:46.245497,19.99713873974133
2026-02-13 20:18:46.245497,23.916126850543368
2026-02-13 21:18:46.245497,22.726051500562836
2026-02-13 22:18:46.245497,22.10362322899412
2026-02-13 23:18:46.245497,22.353835515242526
2026-02-14 00:18:46.245497,23.317247589187932
2026-02-14 01:18:46.245497,24.098475753856427
2026-02-14 02:18:46.245497,20.50764501830784
2026-02-14 03:18:46.245497,13.331689520652048
2026-02-14 04:18:46.245497,8.856379669801044
2026-02-14 05:18:46.245497,11.043095579571803
2026-02-14 06:18:46.245497,19.224533489204468
2026-02-14 07:18:46.245497,28.25029861131622
2026-02-14 08:18:46.245497,31.11278168666635
2026-02-14 09:18:46.245497,27.162864983605385
2026-02-14 10:18:46.245497,19.365008175547022
2026-02-14 11:18:46.245497,15.869824519668295
2026-02-14 12:18:46.245497,16.546120333442534
2026-02-14 13:18:46.245497,18.455377890402087
2026-02-14 14:18:46.245497,18.135130540470257
2026-02-14 15:18:46.245497,15.864283413512634
2026-02-14 16:18:46.245497,15.824030356069118
2026-02-14 17:18:46.245497,19.650811343558434
2026-02-14 18:18:46.245497,26.427239241869522
2026-02-14 19:18:46.245497,30.880921629991374
2026-02-14 20:18:46.245497,28.040348663307235
2026-02-14 21:18:46.245497,19.910818971890905
2026-02-14 22:18:46.245497,12.490998138033163
2026-02-14 23:18:46.245497,8.57871236311371
2026-02-15 00:18:46.245497,13.58714733410722
2026-02-15 01:18:46.245497,20.296989600447862
2026-02-15 02:18:46.245497,25.0577071729287
2026-02-15 03:18:46.245497,24.488819895274208
2026-02-15 04:18:46.245497,22.992712743306626
2026-02-15 05:18:46.245497,22.4400179385109
2026-02-15 06:18:46.245497,24.84133306754724
2026-02-15 07:18:46.245497,24.56371394246803
2026-02-15 08:18:46.245497,19.75196041752254
2026-02-15 09:18:46.245497,13.399382461981265
2026-02-15 10:18:46.245497,8.876007017890288
2026-02-15 11:18:46.245497,11.459903741570798
2026-02-15 12:18:46.245497,19.720148655458974
2026-02-15 13:18:46.245497,27.75460982896678
2026-02-15 14:18:46.245497,32.15720639874708
2026-02-15 15:18:46.245497,25.60595171294712
2026-02-15 16:18:46.245497,20.27198176610681
2026-02-15 17:18:46.245497,15.508199687484344
2026-02-15 18:18:46.245497,15.974995757591472
2026-02-15 19:18:46.245497,17.946953522166908
2026-02-15 20:18:46.245497,17.958871695811997
2026-02-15 21:18:46.245497,15.434782264726895
2026-02-15 22:18:46.245497,15.990407276895937
2026-02-15 23:18:46.245497,19.112604144916638
2026-02-16 00:18:46.245497,26.729029704229124
2026-02-16 01:18:46.245497,30.574342924408903
2026-02-16 02:18:46.245497,28.154781655694705
2026-02-16 03:18:46.245497,19.587719424539152
2026-02-16 04:18:46.245497,10.87168236101861
2026-02-16 05:18:46.245497,8.954527065354032
2026-02-16 06:18:46.245497,12.710380230915073
2026-02-16 07:18:46.245497,20.85321810100682
2026-02-16 08:18:46.245497,23.774685891587083
2026-02-16 09:18:46.245497,24.595926739110265
2026-02-16 10:18:46.245497,21.769907778304056
2026-02-16 11:18:46.245497,21.55491139125864
2026-02-16 12:18:46.245497,23.805698120954734
2026-02-16 13:18:46.245497,25.30721063474234
2026-02-16 14:18:46.245497,20.062808630378388
2026-02-16 15:18:46.245497,13.613532333834803
2026-02-16 16:18:46.245497,8.234144485548942
2026-02-16 17:18:46.245497,11.366620469921742
2026-02-16 18:18:46.245497,19.66637743769609
2026-02-16 19:18:46.245497,28.17672844544108
2026-02-16 20:18:46.245497,31.203660800238282
2026-02-16 21:18:46.245497,27.106111844165806
2026-02-16 22:18:46.245497,19.125722783184216
2026-02-16 23:18:46.245497,15.96068439270227
2026-02-17 00:18:46.245497,16.59954961080379
2026-02-17 01:18:46.245497,18.052493586114565
2026-02-17 02:18:46.245497,17.110955123867086
2026-02-17 03:18:46.245497,16.31266863487757
2026-02-17 04:18:46.245497,15.653569956780446
2026-02-17 05:18:46.245497,18.64607032636728
2026-02-17 06:18:46.245497,26.25618059618579
2026-02-17 07:18:46.245497,31.01857957331866
2026-02-17 08:18:46.245497,28.582139968102894
2026-02-17 09:18:46.245497,20.01701389561177
2026-02-17 10:18:46.245497,11.390430902834916
2026-02-17 11:18:46.245497,8.714482368800775
2026-02-17 12:18:46.245497,14.645508484849552
2026-02-17 13:18:46.245497,19.577954914932402
2026-02-17 14:18:46.245497,24.756569784592333
2026-02-17 15:18:46.245497,24.360992085773333
2026-02-17 16:18:46.245497,22.64583510686715
2026-02-17 17:18:46.245497,21.74533085210456
2026-02-17 18:18:46.245497,24.53674454189595
2026-02-17 19:18:46.245497,23.414265101308164
2026-02-17 20:18:46.245497,19.461099596775977
2026-02-17 21:18:46.245497,13.496211418956424
2026-02-17 22:18:46.245497,7.9267955342179235
2026-02-17 23:18:46.245497,11.901936488680557
2026-02-18 00:18:46.245497,19.965293538796498
2026-02-18 01:18:46.245497,28.658334889710787
2026-02-18 02:18:46.245497,30.93676946109455
2026-02-18 03:18:46.245497,27.93045064751962
2026-02-18 04:18:46.245497,20.003957488253263
2026-02-18 05:18:46.245497,15.368392846371162
2026-02-18 06:18:46.245497,16.176115230239553
2026-02-18 07:18:46.245497,17.957239024089468
2026-02-18 08:18:46.245497,18.099392158155574
2026-02-18 09:18:46.245497,16.768342351842954
2026-02-18 10:18:46.245497,16.71172338118609
2026-02-18 11:18:46.245497,19.15620027733214
2026-02-18 12:18:46.245497,26.558929464791657
2026-02-18 13:18:46.245497,31.889934582318016
2026-02-18 14:18:46.245497,28.65292197571096
2026-02-18 15:18:46.245497,19.227412689988327
2026-02-18 16:18:46.245497,11.620422464199235
2026-02-18 17:18:46.245497,8.71718655894689
2026-02-18 18:18:46.245497,12.923160145809096
2026-02-18 19:18:46.245497,20.50563296936803
2026-02-18 20:18:46.245497,24.13250596135901
2026-02-18 21:18:46.245497,24.165258496867054
2026-02-18 22:18:46.245497,22.360162949122433
2026-02-18 23:18:46.245497,22.945207942063316
2026-02-19 00:18:46.245497,24.00358100462796
2026-02-19 01:18:46.245497,24.227020445060287
2026-02-19 02:18:46.245497,20.664831015714352
2026-02-19 03:18:46.245497,13.013992146917088
2026-02-19 04:18:46.245497,8.530421616718145
2026-02-19 05:18:46.245497,11.537519232155757
2026-02-19 06:18:46.245497,20.468357062775368
2026-02-19 07:18:46.245497,27.71978390144952
2026-02-19 08:18:46.245497,31.138549080447063
2026-02-19 09:18:46.245497,25.621141351910147
2026-02-19 10:18:46.245497,20.175359694497946
2026-02-19 11:18:46.245497,15.500171672917126
2026-02-19 12:18:46.245497,16.253923780509854
2026-02-19 13:18:46.245497,18.094481203712604
2026-02-19 14:18:46.245497,17.047296325952182
2026-02-19 15:18:46.245497,16.04604839698436
2026-02-19 16:18:46.245497,14.88697943705698
2026-02-19 17:18:46.245497,19.639668506849894
2026-02-19 18:18:46.245497,27.400620723396784
2026-02-19 19:18:46.245497,31.205249702050942
2026-02-19 20:18:46.245497,28.28783817597414
2026-02-19 21:18:46.245497,20.141034198603517
2026-02-19 22:18:46.245497,11.154153282787357
2026-02-19 23:18:46.245497,9.945142694135955
2026-02-20 00:18:46.245497,12.504507183366336
2026-02-20 01:18:46.245497,20.2312314056453
2026-02-20 02:18:46.245497,23.96829169913286
2026-02-20 03:18:46.245497,23.864345246353412
2026-02-20 04:18:46.245497,22.13318522296628
2026-02-20 05:18:46.245497,22.36545895280382
2026-02-20 06:18:46.245497,24.681153902747827
2026-02-20 07:18:46.245497,24.51303294682994
2026-02-20 08:18:46.245497,19.514300759926464
2026-02-20 09:18:46.245497,13.78091303824348
2026-02-20 10:18:46.245497,8.381276867229825
2026-02-20 11:18:46.245497,11.416297640894038
2026-02-20 12:18:46.245497,20.402291551514075
2026-02-20 13:18:46.245497,28.753819068321366
2026-02-20 14:18:46.245497,31.17019405614905
2026-02-20 15:18:46.245497,26.304675801800787
2026-02-20 16:18:46.245497,19.77478341143973
2026-02-20 17:18:46.245497,16.196690471706738
2026-02-20 18:18:46.245497,16.956052634192925
2026-02-20 19:18:46.245497,18.02545732707517
2026-02-20 20:18:46.245497,18.57843061529392
2026-02-20 21:18:46.245497,14.585844297179065
2026-02-20 22:18:46.245497,15.20492005107575
2026-02-20 23:18:46.245497,20.299323994062505
2026-02-21 00:18:46.245497,26.950638430202257
2026-02-21 01:18:46.245497,31.685405625924687
2026-02-21 02:18:46.245497,27.98991945791319
2026-02-21 03:18:46.245497,19.209522436923244
2026-02-21 04:18:46.245497,11.66736633687167
2026-02-21 05:18:46.245497,7.799715105406946
2026-02-21 06:18:46.245497,12.898047128791378
2026-02-21 07:18:46.245497,20.425078821378104
2026-02-21 08:18:46.245497,23.978903946186342
2026-02-21 09:18:46.245497,24.278645703024026
2026-02-21 10:18:46.245497,22.425366114531617
2026-02-21 11:18:46.245497,22.906456858280606
2026-02-21 12:18:46.245497,24.4046088904892
2026-02-21 13:18:46.245497,24.202523946615365
2026-02-21 14:18:46.245497,19.623448887756908
2026-02-21 15:18:46.245497,14.159915647633314
2026-02-21 16:18:46.245497,8.186056671855365
2026-02-21 17:18:46.245497,11.397950999071565
2026-02-21 18:18:46.245497,20.284403728651824
2026-02-21 19:18:46.245497,29.046322016319053
2026-02-21 20:18:46.245497,29.776078432098103
2026-02-21 21:18:46.245497,26.191941137814705
2026-02-21 22:18:46.245497,19.504142314482284
2026-02-21 23:18:46.245497,15.804921645680267
2026-02-22 00:18:46.245497,16.27786473766758
2026-02-22 01:18:46.245497,17.61505197740063
2026-02-22 02:18:46.245497,17.634113711842062
2026-02-22 03:18:46.245497,14.876820177132968
2026-02-22 04:18:46.245497,15.041987230157607
2026-02-22 05:18:46.245497,19.69593032226585
2026-02-22 06:18:46.245497,26.5271168908679
2026-02-22 07:18:46.245497,31.07914534494923
2026-02-22 08:18:46.245497,28.08396798866291
2026-02-22 09:18:46.245497,19.19493199441341
2026-02-22 10:18:46.245497,10.987735917527331
2026-02-22 11:18:46.245497,8.963660764947285
2026-02-22 12:18:46.245497,13.204214321775858
2026-02-22 13:18:46.245497,20.264623175257743
2026-02-22 14:18:46.245497,23.691584094803314
2026-02-22 15:18:46.245497,24.188734459195523
2026-02-22 16:18:46.245497,22.336727894479292
2026-02-22 17:18:46.245497,22.358734634536695
2026-02-22 18:18:46.245497,24.238266262837598
2026-02-22 19:18:46.245497,24.09257041682568
2026-02-22 20:18:46.245497,20.250021777707165
2026-02-22 21:18:46.245497,14.71715951677598
2026-02-22 22:18:46.245497,8.733970854551766
2026-02-22 23:18:46.245497,12.127544848049297
2026-02-23 00:18:46.245497,20.710903821009065
2026-02-23 01:18:46.245497,29.041273263611476
2026-02-23 02:18:46.245497,30.355614318617476
2026-02-23 03:18:46.245497,26.430037724134884
2026-02-23 04:18:46.245497,19.77275102849327
2026-02-23 05:18:46.245497,15.873601908050237
2026-02-23 06:18:46.245497,16.17884514414068
2026-02-23 07:18:46.245497,17.260419233795705
2026-02-23 08:18:46.245497,17.153240674171457
2026-02-23 09:18:46.245497,15.52739916645082
2026-02-23 10:18:46.245497,15.062652711969177
2026-02-23 11:18:46.245497,19.748435801654132
2026-02-23 12:18:46.245497,27.410016715113798
2026-02-23 13:18:46.245497,31.942522223423385
2026-02-23 14:18:46.245497,28.40150255566478
2026-02-23 15:18:46.245497,19.34917737204003
2026-02-23 16:18:46.245497,11.31341794631511
2026-02-23 17:18:46.245497,8.112569773001633
2026-02-23 18:18:46.245497,13.555378060552869
2026-02-23 19:18:46.245497,21.19967425104036
2026-02-23 20:18:46.245497,23.781286980470302
2026-02-23 21:18:46.245497,23.86921896440682
2026-02-23 22:18:46.245497,22.954758609114542
2026-02-23 23:18:46.245497,22.600930990222714
2026-02-24 00:18:46.245497,24.27556941973814
2026-02-24 01:18:46.245497,24.7270970446293
2026-02-24 02:18:46.245497,19.819957283132954
2026-02-24 03:18:46.245497,12.871138119822815
2026-02-24 04:18:46.245497,8.64689207559508
2026-02-24 05:18:46.245497,12.225716588931354
2026-02-24 06:18:46.245497,20.306451021694357
2026-02-24 07:18:46.245497,28.040133148335187
2026-02-24 08:18:46.245497,30.971858751877534
2026-02-24 09:18:46.245497,26.420436890563188
2026-02-24 10:18:46.245497,19.421940658891977
2026-02-24 11:18:46.245497,15.439713941818411
2026-02-24 12:18:46.245497,15.683683046320612
2026-02-24 13:18:46.245497,18.500384956975637
2026-02-24 14:18:46.245497,17.290554461244675
2026-02-24 15:18:46.245497,16.08503319234219
2026-02-24 16:18:46.245497,15.76651826981204
2026-02-24 17:18:46.245497,20.411497966389327
2026-02-24 18:18:46.245497,27.070522501422083
2026-02-24 19:18:46.245497,30.791674238215233
2026-02-24 20:18:46.245497,27.961479826226277
2026-02-24 21:18:46.245497,20.106951566384815
2026-02-24 22:18:46.245497,11.330768245292347
2026-02-24 23:18:46.245497,9.388198279643959
2026-02-25 00:18:46.245497,13.324384519991517
2026-02-25 01:18:46.245497,20.39575416736586
2026-02-25 02:18:46.245497,24.260617405035436
2026-02-25 03:18:46.245497,23.72617231506194
2026-02-25 04:18:46.245497,23.289031431309866
2026-02-25 05:18:46.245497,22.551292393025477
2026-02-25 06:18:46.245497,24.072266267948656
2026-02-25 07:18:46.245497,25.249397001853733
2026-02-25 08:18:46.245497,21.87935309675003
2026-02-25 09:18:46.245497,13.268321692703648
2026-02-25 10:18:46.245497,9.760684409904782
2026-02-25 11:18:46.245497,11.600146125685507
2026-02-25 12:18:46.245497,20.634378985166787
2026-02-25 13:18:46.245497,29.08023884691133
2026-02-25 14:18:46.245497,30.218273259336506
2026-02-25 15:18:46.245497,26.622074249389577
2026-02-25 16:18:46.245497,20.78477392773853
2026-02-25 17:18:46.245497,15.72879572450062
2026-02-25 18:18:46.245497,15.75276194279945
2026-02-25 19:18:46.245497,17.235180567755236
2026-02-25 20:18:46.245497,17.687253821652007
2026-02-25 21:18:46.245497,15.953440010166064
2026-02-25 22:18:46.245497,15.610445455650588
2026-02-25 23:18:46.245497,19.589249012121474
2026-02-26 00:18:46.245497,27.164009345948475
2026-02-26 01:18:46.245497,30.797068049933653
2026-02-26 02:18:46.245497,28.390919883603235
2026-02-26 03:18:46.245497,20.200386566918713
2026-02-26 04:18:46.245497,11.841967451278121
2026-02-26 05:18:46.245497,9.21560196280328
2026-02-26 06:18:46.245497,13.280121961326651
2026-02-26 07:18:46.245497,20.93127149686832
2026-02-26 08:18:46.245497,24.61765209302547
2026-02-26 09:18:46.245497,24.50470665604071
2026-02-26 10:18:46.245497,21.67052480342578
2026-02-26 11:18:46.245497,22.17630739681897
2026-02-26 12:18:46.245497,23.76186895489945
2026-02-26 13:18:46.245497,23.872537934748134
2026-02-26 14:18:46.245497,19.16001154668207
2026-02-26 15:18:46.245497,13.942505075583403
2026-02-26 16:18:46.245497,9.111976992736112
2026-02-26 17:18:46.245497,10.960518720382792
2026-02-26 18:18:46.245497,20.505159537198768
2026-02-26 19:18:46.245497,29.696656734295715
2026-02-26 20:18:46.245497,31.040149746866625
2026-02-26 21:18:46.245497,25.84761401243728
2026-02-26 22:18:46.245497,19.69449737805565
2026-02-26 23:18:46.245497,15.937629992590637
2026-02-27 00:18:46.245497,16.34784071754278
2026-02-27 01:18:46.245497,17.82347926051484
2026-02-27 02:18:46.245497,18.795665841037323
2026-02-27 03:18:46.245497,15.365133364163226
2026-02-27 04:18:46.245497,14.833759749783427
2026-02-27 05:18:46.245497,20.046925030919496
2026-02-27 06:18:46.245497,26.50125847155663
2026-02-27 07:18:46.245497,29.744310886289487
2026-02-27 08:18:46.245497,28.849800800783886
2026-02-27 09:18:46.245497,19.400812692022093
2026-02-27 10:18:46.245497,10.730704025061577
2026-02-27 11:18:46.245497,9.140240442077676
2026-02-27 12:18:46.245497,13.074657995750409
2026-02-27 13:18:46.245497,20.33737872030095
2026-02-27 14:18:46.245497,24.08694288014171
2026-02-27 15:18:46.245497,23.797271297724144
2026-02-27 16:18:46.245497,22.63417403576253
2026-02-27 17:18:46.245497,22.344867882205154
2026-02-27 18:18:46.245497,24.951827379810645
2026-02-27 19:18:46.245497,24.937152259707936
2026-02-27 20:18:46.245497,20.169527954202376
2026-02-27 21:18:46.245497,14.25352371086609
2026-02-27 22:18:46.245497,9.206842187354065
2026-02-27 23:18:46.245497,12.133484389868952
2026-02-28 00:18:46.245497,20.426128961290818
2026-02-28 01:18:46.245497,28.55124160423695
2026-02-28 02:18:46.245497,31.43388720078284
2026-02-28 03:18:46.245497,27.22142404795744
2026-02-28 04:18:46.245497,20.10867100257346
2026-02-28 05:18:46.245497,16.101816500627965
2026-02-28 06:18:46.245497,17.111494718614207
2026-02-28 07:18:46.245497,17.00136507189119
2026-02-28 08:18:46.245497,18.80682604384458
2026-02-28 09:18:46.245497,15.96328206244224
2026-02-28 10:18:46.245497,16.424838012643242
2026-02-28 11:18:46.245497,19.722175244478393
2026-02-28 12:18:46.245497,26.40741852816044
2026-02-28 13:18:46.245497,31.29246183043968
2026-02-28 14:18:46.245497,28.38049780903784
2026-02-28 15:18:46.245497,19.78778796418234
2026-02-28 16:18:46.245497,11.69779820981278
2026-02-28 17:18:46.245497,9.417155797898237
2026-02-28 18:18:46.245497,12.774591134747503
2026-02-28 19:18:46.245497,21.175536739122524
2026-02-28 20:18:46.245497,24.413732766368195
2026-02-28 21:18:46.245497,23.94756733794067
2026-02-28 22:18:46.245497,22.292135035980277
2026-02-28 23:18:46.245497,21.873225046070125
2026-03-01 00:18:46.245497,23.855005678868082
2026-03-01 01:18:46.245497,24.022682566782432
2026-03-01 02:18:46.245497,20.24776510500711
2026-03-01 03:18:46.245497,13.471709063887593
2026-03-01 04:18:46.245497,8.913385612309913
2026-03-01 05:18:46.245497,12.321762459005615
2026-03-01 06:18:46.245497,20.530308222042372
2026-03-01 07:18:46.245497,28.142595274227595
2026-03-01 08:18:46.245497,31.54385529806073
2026-03-01 09:18:46.245497,25.5880932365248
2026-03-01 10:18:46.245497,19.30281697732641
2026-03-01 11:18:46.245497,15.726758117149338
2026-03-01 12:18:46.245497,16.458587780463414
2026-03-01 13:18:46.245497,17.496879003555602
2026-03-01 14:18:46.245497,17.660864957155017
2026-03-01 15:18:46.245497,16.311239632031153
2026-03-01 16:18:46.245497,15.670896715829928
2026-03-01 17:18:46.245497,20.271707675526144
2026-03-01 18:18:46.245497,26.972448751487246
2026-03-01 19:18:46.245497,31.576927264687704
2026-03-01 20:18:46.245497,28.2863562545765
2026-03-01 21:18:46.245497,20.730170133633642
2026-03-01 22:18:46.245497,12.384975194297912
2026-03-01 23:18:46.245497,8.793888505171516
2026-03-02 00:18:46.245497,13.460859222742885
2026-03-02 01:18:46.245497,20.720247430657153
2026-03-02 02:18:46.245497,23.60951894993441
2026-03-02 03:18:46.245497,24.155813305098462
2026-03-02 04:18:46.245497,22.44707891134467
2026-03-02 05:18:46.245497,22.417285651491614
2026-03-02 06:18:46.245497,25.166961647181342
2026-03-02 07:18:46.245497,24.03680157744881
2026-03-02 08:18:46.245497,19.889694479622058
2026-03-02 09:18:46.245497,12.914344293459248
2026-03-02 10:18:46.245497,8.198475558842523
2026-03-02 11:18:46.245497,11.536767862654061
2026-03-02 12:18:46.245497,19.809414322490667
2026-03-02 13:18:46.245497,27.97037942160192
2026-03-02 14:18:46.245497,31.117892940757283
2026-03-02 15:18:46.245497,26.218317400987804
2026-03-02 16:18:46.245497,20.013443433824808
2026-03-02 17:18:46.245497,16.252565339766264
2026-03-02 18:18:46.245497,15.23428281935209
2026-03-02 19:18:46.245497,16.701237618151477
2026-03-02 20:18:46.245497,17.70831096524048
2026-03-02 21:18:46.245497,16.387433584379348
2026-03-02 22:18:46.245497,14.978109682019277
2026-03-02 23:18:46.245497,20.197630396986725
2026-03-03 00:18:46.245497,26.879349132488212
2026-03-03 01:18:46.245497,30.736300572243934
2026-03-03 02:18:46.245497,28.913482644982174
2026-03-03 03:18:46.245497,19.8621339365053
2026-03-03 04:18:46.245497,11.24973219795127
2026-03-03 05:18:46.245497,8.53827253966405
2026-03-03 06:18:46.245497,13.906761632773707
2026-03-03 07:18:46.245497,19.61096874148792
2026-03-03 08:18:46.245497,23.95376639099943
2026-03-03 09:18:46.245497,24.269038696386943
2026-03-03 10:18:46.245497,22.195076446703673
2026-03-03 11:18:46.245497,23.025296473924328
2026-03-03 12:18:46.245497,24.026067345376685
2026-03-03 13:18:46.245497,25.02421919276046
2026-03-03 14:18:46.245497,20.171089446270887
2026-03-03 15:18:46.245497,12.56380957649351
2026-03-03 16:18:46.245497,8.86233887506304
2026-03-03 17:18:46.245497,10.82867614748359
2026-03-03 18:18:46.245497,19.936875049498926
2026-03-03 19:18:46.245497,28.678165789725153
2026-03-03 20:18:46.245497,30.82715546046371
2026-03-03 21:18:46.245497,26.157040135504356
2026-03-03 22:18:46.245497,20.34169981160838
2026-03-03 23:18:46.245497,15.233197237396004
2026-03-04 00:18:46.245497,16.604248899288763
2026-03-04 01:18:46.245497,17.84000754027359
2026-03-04 02:18:46.245497,18.373618270922503
2026-03-04 03:18:46.245497,15.242146685523824
2026-03-04 04:18:46.245497,15.864226561480846
2026-03-04 05:18:46.245497,19.09676813899867
2026-03-04 06:18:46.245497,26.383099610768774
2026-03-04 07:18:46.245497,30.03260996413569
2026-03-04 08:18:46.245497,28.290069876842256
2026-03-04 09:18:46.245497,20.890896493030727
2026-03-04 10:18:46.245497,11.985110067769014
2026-03-04 11:18:46.245497,9.172264653841632
2026-03-04 12:18:46.245497,13.121068740690333
2026-03-04 13:18:46.245497,19.850066067125443
2026-03-04 14:18:46.245497,23.800201146423664
2026-03-04 15:18:46.245497,23.88366329898351
2026-03-04 16:18:46.245497,22.23131429849695
2026-03-04 17:18:46.245497,22.747160845149736
2026-03-04 18:18:46.245497,24.106246084097656
2026-03-04 19:18:46.245497,24.182408477949814
2026-03-04 20:18:46.245497,21.331073549067145
2026-03-04 21:18:46.245497,13.689312008051338
2026-03-04 22:18:46.245497,9.184885636782175
2026-03-04 23:18:46.245497,12.000963514997915
2026-03-05 00:18:46.245497,20.125022179052994
2026-03-05 01:18:46.245497,28.550926832240314
2026-03-05 02:18:46.245497,31.415965939029157
2026-03-05 03:18:46.245497,25.74479113193669
2026-03-05 04:18:46.245497,19.339926370074373
2026-03-05 05:18:46.245497,15.141789434046428
2026-03-05 06:18:46.245497,15.960107407268742
2026-03-05 07:18:46.245497,17.167270197630273
2026-03-05 08:18:46.245497,18.02359212689709
2026-03-05 09:18:46.245497,16.42587587598934
2026-03-05 10:18:46.245497,15.988773238079315
2026-03-05 11:18:46.245497,19.48424966486906
2026-03-05 12:18:46.245497,26.126633624009575
2026-03-05 13:18:46.245497,30.476281565212176
2026-03-05 14:18:46.245497,28.980251958684274
2026-03-05 15:18:46.245497,19.548941299623458
2026-03-05 16:18:46.245497,11.778376053089147
2026-03-05 17:18:46.245497,9.579868126828984
2026-03-05 18:18:46.245497,12.219877815939029
2026-03-05 19:18:46.245497,20.55352112449111
2026-03-05 20:18:46.245497,24.272410785383713
2026-03-05 21:18:46.245497,23.931463724765884
2026-03-05 22:18:46.245497,21.882556069804902
2026-03-05 23:18:46.245497,22.195906155446615
2026-03-06 00:18:46.245497,24.28934832676913
2026-03-06 01:18:46.245497,24.12642463538461
2026-03-06 02:18:46.245497,21.29673016380328
2026-03-06 03:18:46.245497,13.520456840682126
2026-03-06 04:18:46.245497,8.615091426860959
2026-03-06 05:18:46.245497,10.952535701956117
2026-03-06 06:18:46.245497,19.6602031061058
2026-03-06 07:18:46.245497,28.727327106874636
2026-03-06 08:18:46.245497,31.081630111928426
2026-03-06 09:18:46.245497,27.40671081693534
2026-03-06 10:18:46.245497,19.692099795375665
2026-03-06 11:18:46.245497,14.598260684369068
2026-03-06 12:18:46.245497,16.638975952449798
2026-03-06 13:18:46.245497,18.511131462342046
2026-03-06 14:18:46.245497,17.175952739312038
2026-03-06 15:18:46.245497,15.648180160170027
2026-03-06 16:18:46.245497,16.076763639892604
2026-03-06 17:18:46.245497,18.95922755874439
2026-03-06 18:18:46.245497,26.736844370102656
2026-03-06 19:18:46.245497,30.692249368399676
2026-03-06 20:18:46.245497,27.99711021099785
2026-03-06 21:18:46.245497,20.032510123007086
2026-03-06 22:18:46.245497,11.689256241437963
2026-03-06 23:18:46.245497,8.855715531844586
2026-03-07 00:18:46.245497,12.904444446569626
2026-03-07 01:18:46.245497,19.5198552297382
2026-03-07 02:18:46.245497,24.6956203845271
2026-03-07 03:18:46.245497,23.096878858843624
2026-03-07 04:18:46.245497,22.860777085183894
2026-03-07 05:18:46.245497,21.758092967240135
2026-03-07 06:18:46.245497,23.6791625077037
2026-03-07 07:18:46.245497,23.7517582603193
2026-03-07 08:18:46.245497,20.361189517639637
2026-03-07 09:18:46.245497,13.912790172764922
2026-03-07 10:18:46.245497,8.748236444570166
2026-03-07 11:18:46.245497,11.643464895103154
2026-03-07 12:18:46.245497,19.914453692068438
2026-03-07 13:18:46.245497,28.79590690367814
2026-03-07 14:18:46.245497,30.849482822245736
2026-03-07 15:18:46.245497,26.602054999538918
2026-03-07 16:18:46.245497,18.751636109695117
2026-03-07 17:18:46.245497,15.663389954582556
2026-03-07 18:18:46.245497,15.366456630386692
2026-03-07 19:18:46.245497,17.967122086232155
2026-03-07 20:18:46.245497,17.421695759574725
2026-03-07 21:18:46.245497,15.795355461642465
2026-03-07 22:18:46.245497,15.684254810921834
2026-03-07 23:18:46.245497,19.30498817930373
2026-03-08 00:18:46.245497,27.564402405676034
2026-03-08 01:18:46.245497,31.10986446704373
2026-03-08 02:18:46.245497,28.625116897508214
2026-03-08 03:18:46.245497,19.69711878071489
2026-03-08 04:18:46.245497,11.107531437637551
2026-03-08 05:18:46.245497,9.51195070092523
2026-03-08 06:18:46.245497,13.14496532870555
2026-03-08 07:18:46.245497,21.058668134879316
2026-03-08 08:18:46.245497,24.56359823890785
2026-03-08 09:18:46.245497,24.51372275961752
2026-03-08 10:18:46.245497,22.55338259209082
2026-03-08 11:18:46.245497,22.93608221870533
2026-03-08 12:18:46.245497,24.620370577164305
2026-03-08 13:18:46.245497,24.27077337609657
2026-03-08 14:18:46.245497,20.735766223945703
2026-03-08 15:18:46.245497,13.346167166468224
2026-03-08 16:18:46.245497,9.293977312965174
2026-03-08 17:18:46.245497,11.811000686103135
2026-03-08 18:18:46.245497,20.529973242962186
2026-03-08 19:18:46.245497,28.800606721384703
2026-03-08 20:18:46.245497,30.83446717384514
2026-03-08 21:18:46.245497,26.094836332395463
2026-03-08 22:18:46.245497,19.423247212207123
2026-03-08 23:18:46.245497,14.966192264531097
2026-03-09 00:18:46.245497,15.3331732052481
2026-03-09 01:18:46.245497,17.544348956380414
2026-03-09 02:18:46.245497,16.41172831270347
2026-03-09 03:18:46.245497,14.704085295741937
2026-03-09 04:18:46.245497,15.427606132218534
2026-03-09 05:18:46.245497,20.461683554144663
2026-03-09 06:18:46.245497,26.67117493309263
2026-03-09 07:18:46.245497,31.303292764853243
2026-03-09 08:18:46.245497,27.924267662038318
2026-03-09 09:18:46.245497,20.218808451042428
2026-03-09 10:18:46.245497,12.623895084854126
2026-03-09 11:18:46.245497,9.509083825673775
2026-03-09 12:18:46.245497,13.548308573740364
2026-03-09 13:18:46.245497,19.779054695087225
2026-03-09 14:18:46.245497,24.68227213059184
2026-03-09 15:18:46.245497,24.1948255483676
2026-03-09 16:18:46.245497,21.08511042881282
2026-03-09 17:18:46.245497,22.056165373182537
2026-03-09 18:18:46.245497,23.737989049187366
2026-03-09 19:18:46.245497,24.463881105045683
2026-03-09 20:18:46.245497,19.822957259198635
2026-03-09 21:18:46.245497,13.330917460579306
2026-03-09 22:18:46.245497,8.763886177763851
2026-03-09 23:18:46.245497,12.285800101288608
2026-03-10 00:18:46.245497,20.209926412448528
2026-03-10 01:18:46.245497,27.75682496849836
2026-03-10 02:18:46.245497,30.77771029484628
2026-03-10 03:18:46.245497,26.910537380228085
2026-03-10 04:18:46.245497,20.131876085068377
2026-03-10 05:18:46.245497,15.584276795271176
2026-03-10 06:18:46.245497,16.882043819473314
2026-03-10 07:18:46.245497,18.749751035356077
2026-03-10 08:18:46.245497,18.520560322433976
2026-03-10 09:18:46.245497,16.381387926117075
2026-03-10 10:18:46.245497,15.667134839404177
2026-03-10 11:18:46.245497,19.67953931893941
2026-03-10 12:18:46.245497,26.95660387610024
2026-03-10 13:18:46.245497,31.082701110418512
2026-03-10 14:18:46.245497,28.79078172252819
2026-03-10 15:18:46.245497,18.93290501753397
2026-03-10 16:18:46.245497,12.657848278570706
2026-03-10 17:18:46.245497,9.107869406253513
2026-03-10 18:18:46.245497,13.189434649785113
2026-03-10 19:18:46.245497,19.95672589370667
2026-03-10 20:18:46.245497,24.826081449788866
2026-03-10 21:18:46.245497,23.812906344574145
2026-03-10 22:18:46.245497,22.577435901913027
2026-03-10 23:18:46.245497,22.838315794759588
2026-03-11 00:18:46.245497,24.97643508424777
2026-03-11 01:18:46.245497,25.340408477873726
2026-03-11 02:18:46.245497,19.737373557052628
2026-03-11 03:18:46.245497,13.277594514831991
2026-03-11 04:18:46.245497,9.530145155328757
2026-03-11 05:18:46.245497,11.14546986878801
2026-03-11 06:18:46.245497,20.101097764180714
2026-03-11 07:18:46.245497,29.261608364897885
2026-03-11 08:18:46.245497,30.591796685251023
2026-03-11 09:18:46.245497,26.633267396123085
2026-03-11 10:18:46.245497,19.136408517555743
2026-03-11 11:18:46.245497,16.71936071603546
2026-03-11 12:18:46.245497,15.610659835226677
2026-03-11 13:18:46.245497,17.786458775215745
2026-03-11 14:18:46.245497,17.476201153802062
2026-03-11 15:18:46.245497,16.027523938408628
2026-03-11 16:18:46.245497,15.456964129968231
2026-03-11 17:18:46.245497,19.471630060731183
2026-03-11 18:18:46.245497,26.05404651731745
2026-03-11 19:18:46.245497,32.09908607882094
2026-03-11 20:18:46.245497,28.70507052191209
2026-03-11 21:18:46.245497,20.19919387894672
2026-03-11 22:18:46.245497,11.111912822255047
2026-03-11 23:18:46.245497,9.364496397390742
2026-03-12 00:18:46.245497,12.744947578736735
2026-03-12 01:18:46.245497,19.60113134544297
2026-03-12 02:18:46.245497,24.54972613641474
2026-03-12 03:18:46.245497,24.079117039117534
2026-03-12 04:18:46.245497,21.457493901423273
2026-03-12 05:18:46.245497,22.963404057761593
2026-03-12 06:18:46.245497,24.268333507599586
2026-03-12 07:18:46.245497,24.65428437112149
2026-03-12 08:18:46.245497,19.849604442495217
2026-03-12 09:18:46.245497,13.988170493475186
2026-03-12 10:18:46.245497,7.792925640139807
2026-03-12 11:18:46.245497,12.154734279174871
2026-03-12 12:18:46.245497,20.12607023788905
2026-03-12 13:18:46.245497,28.191041455486467
2026-03-12 14:18:46.245497,31.309593838700806
2026-03-12 15:18:46.245497,26.911566262687014
2026-03-12 16:18:46.245497,20.474054252916915
2026-03-12 17:18:46.245497,16.44937187912468
2026-03-12 18:18:46.245497,15.269366695817936
2026-03-12 19:18:46.245497,17.73992833810417
2026-03-12 20:18:46.245497,17.3486775257297
2026-03-12 21:18:46.245497,15.235666923822858
2026-03-12 22:18:46.245497,15.510153825510166
2026-03-12 23:18:46.245497,19.531955844765967
2026-03-13 00:18:46.245497,27.3554243915512
2026-03-13 01:18:46.245497,30.662784819391096
2026-03-13 02:18:46.245497,28.366787579455004
2026-03-13 03:18:46.245497,19.960211509359382
2026-03-13 04:18:46.245497,11.251483320301281
2026-03-13 05:18:46.245497,9.221993912391408
2026-03-13 06:18:46.245497,13.86382649994833
2026-03-13 07:18:46.245497,19.897253044077875
2026-03-13 08:18:46.245497,25.24852647123274
2026-03-13 09:18:46.245497,23.760720524737252
2026-03-13 10:18:46.245497,21.513523544582345
2026-03-13 11:18:46.245497,22.05729627428984
2026-03-13 12:18:46.245497,24.838431973566056
2026-03-13 13:18:46.245497,24.764125240101386
2026-03-13 14:18:46.245497,20.304109849435743
2026-03-13 15:18:46.245497,13.222241216390191
2026-03-13 16:18:46.245497,9.895939484865297
2026-03-13 17:18:46.245497,11.899042997130437
2026-03-13 18:18:46.245497,19.98969189665032
2026-03-13 19:18:46.245497,28.62256643577272
2026-03-13 20:18:46.245497,31.225763644111293
2026-03-13 21:18:46.245497,25.943608084866227
2026-03-13 22:18:46.245497,19.005155835280945
2026-03-13 23:18:46.245497,16.45758603113866
2026-03-14 00:18:46.245497,16.470456374453548
2026-03-14 01:18:46.245497,17.242783248613154
2026-03-14 02:18:46.245497,17.917514563665232
2026-03-14 03:18:46.245497,15.931432590922581
2026-03-14 04:18:46.245497,15.405992726291553
2026-03-14 05:18:46.245497,20.294014389559628
2026-03-14 06:18:46.245497,27.01430135991023
2026-03-14 07:18:46.245497,31.49417685518644
2026-03-14 08:18:46.245497,28.92228334161179
2026-03-14 09:18:46.245497,19.504804312550558
2026-03-14 10:18:46.245497,11.305015453066442
2026-03-14 11:18:46.245497,8.18234512086023
2026-03-14 12:18:46.245497,12.910014635813136
2026-03-14 13:18:46.245497,19.27742094576037
2026-03-14 14:18:46.245497,23.855175447345278
2026-03-14 15:18:46.245497,24.306897084977848
2026-03-14 16:18:46.245497,21.607461060894696
2026-03-14 17:18:46.245497,21.958100092827728
2026-03-14 18:18:46.245497,24.20025820969224
2026-03-14 19:18:46.245497,23.77639403100019
2026-03-14 20:18:46.245497,19.937743570067003
2026-03-14 21:18:46.245497,13.85730455499576
2026-03-14 22:18:46.245497,9.145485154175686
2026-03-14 23:18:46.245497,12.192297440185493
2026-03-15 00:18:46.245497,18.884201142548225
2026-03-15 01:18:46.245497,28.47903864794366
2026-03-15 02:18:46.245497,31.92904489336708
2026-03-15 03:18:46.245497,26.716825654092155
2026-03-15 04:18:46.245497,20.730936350706973
2026-03-15 05:18:46.245497,15.431365910466347
2026-03-15 06:18:46.245497,16.22101874906625
2026-03-15 07:18:46.245497,18.002806486759262
2026-03-15 08:18:46.245497,18.144075689492098
2026-03-15 09:18:46.245497,15.439604215207229
2026-03-15 10:18:46.245497,16.49628986314798
2026-03-15 11:18:46.245497,19.734611271216995
2026-03-15 12:18:46.245497,25.828054851394004
2026-03-15 13:18:46.245497,31.589022231521845
2026-03-15 14:18:46.245497,28.672000392144795
2026-03-15 15:18:46.245497,19.28989983987634
2026-03-15 16:18:46.245497,11.158756038162092
2026-03-15 17:18:46.245497,9.325980215263694
2026-03-15 18:18:46.245497,14.017411924091203
2026-03-15 19:18:46.245497,20.42147971040955
2026-03-15 20:18:46.245497,24.208785933116165
2026-03-15 21:18:46.245497,24.094918609797215
2026-03-15 22:18:46.245497,22.850920135267714
2026-03-15 23:18:46.245497,22.40403563344719
2026-03-16 00:18:46.245497,23.45518926867723
2026-03-16 01:18:46.245497,24.761777035669542
2026-03-16 02:18:46.245497,20.72746599245667
2026-03-16 03:18:46.245497,13.307953946430208
2026-03-16 04:18:46.245497,9.724448733435977
2026-03-16 05:18:46.245497,11.86604133006997
2026-03-16 06:18:46.245497,20.60893183549447
2026-03-16 07:18:46.245497,28.870380659939492
2026-03-16 08:18:46.245497,29.76795146780815
2026-03-16 09:18:46.245497,27.038729280555884
2026-03-16 10:18:46.245497,19.72056576500624
2026-03-16 11:18:46.245497,15.724915635900253
2026-03-16 12:18:46.245497,15.71145565112043
2026-03-16 13:18:46.245497,17.30982922756912
2026-03-16 14:18:46.245497,18.19574021391226
2026-03-16 15:18:46.245497,16.94910999294741
2026-03-16 16:18:46.245497,15.697200570739753
2026-03-16 17:18:46.245497,19.316606526803557
2026-03-16 18:18:46.245497,26.421184947339807
2026-03-16 19:18:46.245497,29.644915013494153
2026-03-16 20:18:46.245497,27.97791481178351
2026-03-16 21:18:46.245497,19.762483458970266
2026-03-16 22:18:46.245497,11.708702818130678
2026-03-16 23:18:46.245497,9.43919029894681
2026-03-17 00:18:46.245497,13.243001217767288
2026-03-17 01:18:46.245497,19.2518178919325
2026-03-17 02:18:46.245497,24.678629774203543
2026-03-17 03:18:46.245497,24.265473402844123
2026-03-17 04:18:46.245497,21.99887188166482
2026-03-17 05:18:46.245497,21.640638004549224
2026-03-17 06:18:46.245497,24.402969100248658
2026-03-17 07:18:46.245497,24.245433236034852
2026-03-17 08:18:46.245497,19.743958845870413
2026-03-17 09:18:46.245497,13.197682843924833
2026-03-17 10:18:46.245497,9.55836294297786
2026-03-17 11:18:46.245497,11.282679727096337
2026-03-17 12:18:46.245497,20.421030819370117
2026-03-17 13:18:46.245497,28.901700014072386
2026-03-17 14:18:46.245497,30.657247991401714
2026-03-17 15:18:46.245497,27.47337276777724
2026-03-17 16:18:46.245497,19.589063206514513
2026-03-17 17:18:46.245497,16.5696290244143
2026-03-17 18:18:46.245497,15.531175295731629
2026-03-17 19:18:46.245497,17.957020370897208
2026-03-17 20:18:46.245497,17.90652576147957
2026-03-17 21:18:46.245497,15.627403057125358
2026-03-17 22:18:46.245497,15.394913437171525
2026-03-17 23:18:46.245497,19.412938260659335
2026-03-18 00:18:46.245497,27.491029445159782
2026-03-18 01:18:46.245497,30.699046965612308
2026-03-18 02:18:46.245497,28.806363178337453
2026-03-18 03:18:46.245497,19.80075123082147
2026-03-18 04:18:46.245497,11.773366481114069
2026-03-18 05:18:46.245497,8.756547085215303
2026-03-18 06:18:46.245497,13.117354901416169
2026-03-18 07:18:46.245497,20.25298966989868
2026-03-18 08:18:46.245497,24.912174480192665
2026-03-18 09:18:46.245497,23.962507897272697
2026-03-18 10:18:46.245497,21.889402857162
2026-03-18 11:18:46.245497,22.70269290512506
2026-03-18 12:18:46.245497,24.794051988258023
2026-03-18 13:18:46.245497,23.668202159182968
2026-03-18 14:18:46.245497,19.784764697726818
2026-03-18 15:18:46.245497,12.229178625807373
2026-03-18 16:18:46.245497,7.513460513933262
2026-03-18 17:18:46.245497,11.777515951513955
2026-03-18 18:18:46.245497,20.061325994965962
2026-03-18 19:18:46.245497,29.544997679533385
2026-03-18 20:18:46.245497,31.332448593433412
2026-03-18 21:18:46.245497,25.68088798560084
2026-03-18 22:18:46.245497,19.73988382631558
2026-03-18 23:18:46.245497,15.124718407456903
2026-03-19 00:18:46.245497,16.29044460019451
2026-03-19 01:18:46.245497,17.872121834727253
2026-03-19 02:18:46.245497,18.638953524303762
2026-03-19 03:18:46.245497,15.71858517983328
2026-03-19 04:18:46.245497,15.844280392139309
2026-03-19 05:18:46.245497,19.0430099818819
2026-03-19 06:18:46.245497,26.22208262520328
2026-03-19 07:18:46.245497,30.7202165518389
2026-03-19 08:18:46.245497,28.455521876004912
2026-03-19 09:18:46.245497,18.664735252939476
2026-03-19 10:18:46.245497,12.278213613188255
2026-03-19 11:18:46.245497,9.546670779092787
2026-03-19 12:18:46.245497,13.817505817451828
2026-03-19 13:18:46.245497,20.93007507139524
2026-03-19 14:18:46.245497,23.790409588090526
2026-03-19 15:18:46.245497,23.888919617417372
2026-03-19 16:18:46.245497,22.688801803687806
2026-03-19 17:18:46.245497,22.518457856706483
2026-03-19 18:18:46.245497,24.088913885645777
2026-03-19 19:18:46.245497,24.267518422839586
2026-03-19 20:18:46.245497,20.556018382797227
2026-03-19 21:18:46.245497,13.809113024887669
2026-03-19 22:18:46.245497,8.702466419193183
2026-03-19 23:18:46.245497,11.47923685713577
2026-03-20 00:18:46.245497,20.857368007056362
2026-03-20 01:18:46.245497,27.64311785827433
2026-03-20 02:18:46.245497,30.812475178220353
2026-03-20 03:18:46.245497,26.040813716993082
2026-03-20 04:18:46.245497,19.6193397945607
2026-03-20 05:18:46.245497,15.126922581402441
2026-03-20 06:18:46.245497,16.153114875392948
2026-03-20 07:18:46.245497,18.032825241486904
2026-03-20 08:18:46.245497,17.864857706771563
2026-03-20 09:18:46.245497,15.983381975293128
2026-03-20 10:18:46.245497,15.690462511541591
2026-03-20 11:18:46.245497,20.145480517524348
2026-03-20 12:18:46.245497,27.634932187119738
2026-03-20 13:18:46.245497,30.993984302059815
2026-03-20 14:18:46.245497,27.76586246302398
2026-03-20 15:18:46.245497,20.452202042874518
2026-03-20 16:18:46.245497,11.885930868989435
2026-03-20 17:18:46.245497,9.23238586076271
2026-03-20 18:18:46.245497,14.426893066787311
2026-03-20 19:18:46.245497,20.28510056337317
2026-03-20 20:18:46.245497,23.813078660129655
2026-03-20 21:18:46.245497,23.461418188737152
2026-03-20 22:18:46.245497,22.058359480022254
2026-03-20 23:18:46.245497,21.769736841763933
2026-03-21 00:18:46.245497,23.615501430878567
2026-03-21 01:18:46.245497,23.883822518910982
2026-03-21 02:18:46.245497,19.529395736671688
2026-03-21 03:18:46.245497,13.22291678356647
2026-03-21 04:18:46.245497,8.718503540091737
2026-03-21 05:18:46.245497,10.94956147389611
2026-03-21 06:18:46.245497,21.069325526243347
2026-03-21 07:18:46.245497,29.234867044688286
2026-03-21 08:18:46.245497,30.126292016866415
2026-03-21 09:18:46.245497,26.874223900642807
2026-03-21 10:18:46.245497,19.860253636807837
2026-03-21 11:18:46.245497,15.82379262210491
2026-03-21 12:18:46.245497,16.940465092713737
2026-03-21 13:18:46.245497,17.90905756667634
2026-03-21 14:18:46.245497,17.332903893384213
2026-03-21 15:18:46.245497,15.78886353634533
2026-03-21 16:18:46.245497,15.86504325254117
2026-03-21 17:18:46.245497,20.12103807074229
2026-03-21 18:18:46.245497,26.002792236351315
2026-03-21 19:18:46.245497,31.854685504495684
2026-03-21 20:18:46.245497,27.759293708970898
2026-03-21 21:18:46.245497,21.099429787377442
2026-03-21 22:18:46.245497,12.39600579318438
2026-03-21 23:18:46.245497,9.062026713822695
2026-03-22 00:18:46.245497,12.76993735362031
2026-03-22 01:18:46.245497,19.725651120438343
2026-03-22 02:18:46.245497,24.146948257612088
2026-03-22 03:18:46.245497,24.001931172727794
2026-03-22 04:18:46.245497,22.710647320570228
2026-03-22 05:18:46.245497,22.09972876794016
2026-03-22 06:18:46.245497,24.23297627603049
2026-03-22 07:18:46.245497,23.459389224102377
2026-03-22 08:18:46.245497,19.47027735810741
2026-03-22 09:18:46.245497,13.762672871722234
2026-03-22 10:18:46.245497,8.9242076834949
2026-03-22 11:18:46.245497,11.03874981241669
2026-03-22 12:18:46.245497,20.125906564355653
2026-03-22 13:18:46.245497,27.779388545265377
2026-03-22 14:18:46.245497,31.316777858295
2026-03-22 15:18:46.245497,25.900529570794067
2026-03-22 16:18:46.245497,19.549172600733066
2026-03-22 17:18:46.245497,16.521948875923115
2026-03-22 18:18:46.245497,15.9190603257524
2026-03-22 19:18:46.245497,17.77147052101535
2026-03-22 20:18:46.245497,17.540388895553363
2026-03-22 21:18:46.245497,15.659829484358287
2026-03-22 22:18:46.245497,15.92626118624109
2026-03-22 23:18:46.245497,19.57485240721652
2026-03-23 00:18:46.245497,26.53899927176091
2026-03-23 01:18:46.245497,30.20091040940243
2026-03-23 02:18:46.245497,28.903718156988017
2026-03-23 03:18:46.245497,20.12655171154986
2026-03-23 04:18:46.245497,10.630195167535279
2026-03-23 05:18:46.245497,9.48074910904064
2026-03-23 06:18:46.245497,13.231451679170661
2026-03-23 07:18:46.245497,20.156364374368714
2026-03-23 08:18:46.245497,24.721980099082103
2026-03-23 09:18:46.245497,23.51723875447717
2026-03-23 10:18:46.245497,22.536717965311233
2026-03-23 11:18:46.245497,23.346813194997548
2026-03-23 12:18:46.245497,24.221182072193002
2026-03-23 13:18:46.245497,24.68555030492182
2026-03-23 14:18:46.245497,20.695179954673772
2026-03-23 15:18:46.245497,14.14520966781954
2026-03-23 16:18:46.245497,8.468392796595259
2026-03-23 17:18:46.245497,12.397334855440043
2026-03-23 18:18:46.245497,19.97498644554449
2026-03-23 19:18:46.245497,28.423443344817898
2026-03-23 20:18:46.245497,31.249721623788684
2026-03-23 21:18:46.245497,26.252308892256618
2026-03-23 22:18:46.245497,19.070466515329667
2026-03-23 23:18:46.245497,16.16119658220153
2026-03-24 00:18:46.245497,16.190612288447646
2026-03-24 01:18:46.245497,17.13875535054879
2026-03-24 02:18:46.245497,18.047674686091252
2026-03-24 03:18:46.245497,15.646103983957063
2026-03-24 04:18:46.245497,15.623187732706539
2026-03-24 05:18:46.245497,19.50385660739499
2026-03-24 06:18:46.245497,26.17304140808445
2026-03-24 07:18:46.245497,31.580516286207928
2026-03-24 08:18:46.245497,27.756125051362226
2026-03-24 09:18:46.245497,19.81813183273834
2026-03-24 10:18:46.245497,10.898371304490786
2026-03-24 11:18:46.245497,9.406247488957687
2026-03-24 12:18:46.245497,13.382470606858757
2026-03-24 13:18:46.245497,19.364439277142274
2026-03-24 14:18:46.245497,25.33493264126422
2026-03-24 15:18:46.245497,24.212163606544994
2026-03-24 16:18:46.245497,21.968844392943275
2026-03-24 17:18:46.245497,22.428887171652665
2026-03-24 18:18:46.245497,24.050244806460647
2026-03-24 19:18:46.245497,24.132348359034026
2026-03-24 20:18:46.245497,20.586938849531162
2026-03-24 21:18:46.245497,13.422238669896622
2026-03-24 22:18:46.245497,8.671596136202192
2026-03-24 23:18:46.245497,10.878078661586885
2026-03-25 00:18:46.245497,20.300001923548386
2026-03-25 01:18:46.245497,27.984383018482294
2026-03-25 02:18:46.245497,30.940292142542912
2026-03-25 03:18:46.245497,26.701480959690073
2026-03-25 04:18:46.245497,19.6549909964743
2026-03-25 05:18:46.245497,15.312416381806644
2026-03-25 06:18:46.245497,17.40915413014745
2026-03-25 07:18:46.245497,16.573815960915894
2026-03-25 08:18:46.245497,17.362881903690344
2026-03-25 09:18:46.245497,16.125703307914776
2026-03-25 10:18:46.245497,15.687168546314208
2026-03-25 11:18:46.245497,19.83321834743795
2026-03-25 12:18:46.245497,26.704893059288004
2026-03-25 13:18:46.245497,31.124527745245288
2026-03-25 14:18:46.245497,28.642808828601943
2026-03-25 15:18:46.245497,19.39998062715713
2026-03-25 16:18:46.245497,12.76091391613502
2026-03-25 17:18:46.245497,9.16580384473957
2026-03-25 18:18:46.245497,13.307023548097971
2026-03-25 19:18:46.245497,20.248757150700992
2026-03-25 20:18:46.245497,24.212291445091992
2026-03-25 21:18:46.245497,23.274151305052754
2026-03-25 22:18:46.245497,23.473784891777548
2026-03-25 23:18:46.245497,22.64171171196924
2026-03-26 00:18:46.245497,24.775725059390712
2026-03-26 01:18:46.245497,24.395364690793937
2026-03-26 02:18:46.245497,20.782310070070093
2026-03-26 03:18:46.245497,13.412489342192416
2026-03-26 04:18:46.245497,8.652695993409589
2026-03-26 05:18:46.245497,12.570064925252208
2026-03-26 06:18:46.245497,20.008332557073143
2026-03-26 07:18:46.245497,29.182431333913442
2026-03-26 08:18:46.245497,30.628854471259665
2026-03-26 09:18:46.245497,27.84203646567736
2026-03-26 10:18:46.245497,19.327715195884682
2026-03-26 11:18:46.245497,17.258763326375174
2026-03-26 12:18:46.245497,16.050997494465108
2026-03-26 13:18:46.245497,17.59880413156593
2026-03-26 14:18:46.245497,18.044750507786976
2026-03-26 15:18:46.245497,16.078420573891655
2026-03-26 16:18:46.245497,16.35890019466386
2026-03-26 17:18:46.245497,20.554629579586408
2026-03-26 18:18:46.245497,26.31754190117107
2026-03-26 19:18:46.245497,30.95976041974495
2026-03-26 20:18:46.245497,28.713215888613647
2026-03-26 21:18:46.245497,20.516905421878537
2026-03-26 22:18:46.245497,12.099582304529266
2026-03-26 23:18:46.245497,9.297722360961592
2026-03-27 00:18:46.245497,13.346655371744907
2026-03-27 01:18:46.245497,19.56920404077638
2026-03-27 02:18:46.245497,24.103426179491283
2026-03-27 03:18:46.245497,23.725465472060982
2026-03-27 04:18:46.245497,22.1857518139045
2026-03-27 05:18:46.245497,21.176321649274268
2026-03-27 06:18:46.245497,24.54742835373595
2026-03-27 07:18:46.245497,24.587710245843766
2026-03-27 08:18:46.245497,19.68145086633919
2026-03-27 09:18:46.245497,13.21574281506175
2026-03-27 10:18:46.245497,9.287207079306999
2026-03-27 11:18:46.245497,12.295783283905225
2026-03-27 12:18:46.245497,19.71347498270171
2026-03-27 13:18:46.245497,27.636987651165096
2026-03-27 14:18:46.245497,31.093826254933028
2026-03-27 15:18:46.245497,26.64332677277122
2026-03-27 16:18:46.245497,18.908475438873854
2026-03-27 17:18:46.245497,15.210713654755398
2026-03-27 18:18:46.245497,16.516365338437684
2026-03-27 19:18:46.245497,18.03940410500871
2026-03-27 20:18:46.245497,17.663321147163135
2026-03-27 21:18:46.245497,15.427995381483301
2026-03-27 22:18:46.245497,15.838432654625656
2026-03-27 23:18:46.245497,20.284959510208452
2026-03-28 00:18:46.245497,26.40606968872482
2026-03-28 01:18:46.245497,31.36665511125602
2026-03-28 02:18:46.245497,28.318264483099362
2026-03-28 03:18:46.245497,19.61186611266975
2026-03-28 04:18:46.245497,10.831025067206783
2026-03-28 05:18:46.245497,9.141450131029751
2026-03-28 06:18:46.245497,13.857503971304405
2026-03-28 07:18:46.245497,20.810113202560334
2026-03-28 08:18:46.245497,24.31943369823883
2026-03-28 09:18:46.245497,24.822719298707263
2026-03-28 10:18:46.245497,22.290123808616126
2026-03-28 11:18:46.245497,22.445884585980444
2026-03-28 12:18:46.245497,23.595625121819882
2026-03-28 13:18:46.245497,24.40065193846588
2026-03-28 14:18:46.245497,20.23677359762861
2026-03-28 15:18:46.245497,14.051519021187278
2026-03-28 16:18:46.245497,8.775341595135234
2026-03-28 17:18:46.245497,12.842561683182202
2026-03-28 18:18:46.245497,20.670067129943003
2026-03-28 19:18:46.245497,29.414161207152876
2026-03-28 20:18:46.245497,30.60836631740721
2026-03-28 21:18:46.245497,26.10842662067731
2026-03-28 22:18:46.245497,20.276258662869303
2026-03-28 23:18:46.245497,15.824743319011297
2026-03-29 00:18:46.245497,16.60201231318518
2026-03-29 01:18:46.245497,18.056947138260895
2026-03-29 02:18:46.245497,16.579703443011226
2026-03-29 03:18:46.245497,15.667128883843873
2026-03-29 04:18:46.245497,15.901397459345075
2026-03-29 05:18:46.245497,19.360858909838612
2026-03-29 06:18:46.245497,25.899821419969864
2026-03-29 07:18:46.245497,30.930956042701183
2026-03-29 08:18:46.245497,29.279377568000907
2026-03-29 09:18:46.245497,19.99471950701473
2026-03-29 10:18:46.245497,12.222995886780415
2026-03-29 11:18:46.245497,8.413381085175976
2026-03-29 12:18:46.245497,13.139617003458632
2026-03-29 13:18:46.245497,20.0661608616208
2026-03-29 14:18:46.245497,24.82544710336834
2026-03-29 15:18:46.245497,23.608968422126303
2026-03-29 16:18:46.245497,21.750311282166898
2026-03-29 17:18:46.245497,22.1536712936072
2026-03-29 18:18:46.245497,23.361903506421868
2026-03-29 19:18:46.245497,23.310595287300824
2026-03-29 20:18:46.245497,19.875833071781727
2026-03-29 21:18:46.245497,12.712280173024423
2026-03-29 22:18:46.245497,9.159375979661455
2026-03-29 23:18:46.245497,12.393198611688849
2026-03-30 00:18:46.245497,19.044932531364502
2026-03-30 01:18:46.245497,28.92036948121856
2026-03-30 02:18:46.245497,31.211174822069253
2026-03-30 03:18:46.245497,27.091912824320943
2026-03-30 04:18:46.245497,20.32749503372498
2026-03-30 05:18:46.245497,15.243536552899121
2026-03-30 06:18:46.245497,15.959888663971306
2026-03-30 07:18:46.245497,17.994081188321253
2026-03-30 08:18:46.245497,17.541620568644056
2026-03-30 09:18:46.245497,15.722794187285645
2026-03-30 10:18:46.245497,15.695031862126951
2026-03-30 11:18:46.245497,19.811754248750145
2026-03-30 12:18:46.245497,26.441964691148083
2026-03-30 13:18:46.245497,31.355858215060387
2026-03-30 14:18:46.245497,28.535132996693267
2026-03-30 15:18:46.245497,19.87701006839992
2026-03-30 16:18:46.245497,12.034721865377259
2026-03-30 17:18:46.245497,8.940565286646303
2026-03-30 18:18:46.245497,13.147565736749545
2026-03-30 19:18:46.245497,20.215378215856756
2026-03-30 20:18:46.245497,23.906705968295427
2026-03-30 21:18:46.245497,23.829416518277768
2026-03-30 22:18:46.245497,22.44497355082212
2026-03-30 23:18:46.245497,23.089002976817973
2026-03-31 00:18:46.245497,24.40168277296023
2026-03-31 01:18:46.245497,24.084394778510553
2026-03-31 02:18:46.245497,20.42431365029495
2026-03-31 03:18:46.245497,14.298515147390022
2026-03-31 04:18:46.245497,8.922460017230634
2026-03-31 05:18:46.245497,11.651962904472661
2026-03-31 06:18:46.245497,19.856179632004505
2026-03-31 07:18:46.245497,28.4088714496939
2026-03-31 08:18:46.245497,30.48518374060086
2026-03-31 09:18:46.245497,26.947573799376354
2026-03-31 10:18:46.245497,19.037532799199038
2026-03-31 11:18:46.245497,15.50991801977196
2026-03-31 12:18:46.245497,15.696915169593835
2026-03-31 13:18:46.245497,17.417633842734826
2026-03-31 14:18:46.245497,16.783981182147414
2026-03-31 15:18:46.245497,15.834106575289894
2026-03-31 16:18:46.245497,15.684023899908306
2026-03-31 17:18:46.245497,20.246005335472717
2026-03-31 18:18:46.245497,26.78508878558831
2026-03-31 19:18:46.245497,31.61514158765565
2026-03-31 20:18:46.245497,29.136452084692174
2026-03-31 21:18:46.245497,20.193671570497575
2026-03-31 22:18:46.245497,12.40643411360952
2026-03-31 23:18:46.245497,8.691994455219383
2026-04-01 00:18:46.245497,12.561316677205436
2026-04-01 01:18:46.245497,20.219776837657026
2026-04-01 02:18:46.245497,24.72420191889817
2026-04-01 03:18:46.245497,23.844018956388926
2026-04-01 04:18:46.245497,22.024795673630763
2026-04-01 05:18:46.245497,21.916447195165173
2026-04-01 06:18:46.245497,23.535674207944492
2026-04-01 07:18:46.245497,23.847650395426903
2026-04-01 08:18:46.245497,20.049135753572855
2026-04-01 09:18:46.245497,12.752021988914997
2026-04-01 10:18:46.245497,8.813099234175885
2026-04-01 11:18:46.245497,11.739447206942895
2026-04-01 12:18:46.245497,19.93321904007991
2026-04-01 13:18:46.245497,28.438573294802207
2026-04-01 14:18:46.245497,32.09620767229416
2026-04-01 15:18:46.245497,26.45854183176722
2026-04-01 16:18:46.245497,19.966569135647166
2026-04-01 17:18:46.245497,15.964806841588286
2026-04-01 18:18:46.245497,16.000414314198473
2026-04-01 19:18:46.245497,17.16864502835845
2026-04-01 20:18:46.245497,17.30744791649478
2026-04-01 21:18:46.245497,15.013574197356727
2026-04-01 22:18:46.245497,15.492378180327005
2026-04-01 23:18:46.245497,20.069253538495886
2026-04-02 00:18:46.245497,26.341239114641674
2026-04-02 01:18:46.245497,31.146528642439616
2026-04-02 02:18:46.245497,28.44314577500216
2026-04-02 03:18:46.245497,20.031073138047123
2026-04-02 04:18:46.245497,12.23996316961314
2026-04-02 05:18:46.245497,9.029699741272898
2026-04-02 06:18:46.245497,14.140829798965655
2026-04-02 07:18:46.245497,21.410708612924978
2026-04-02 08:18:46.245497,24.582502216770994
2026-04-02 09:18:46.245497,23.96468556538992
2026-04-02 10:18:46.245497,23.24613738553899
2026-04-02 11:18:46.245497,21.881624821995203
2026-04-02 12:18:46.245497,24.254327351216457
2026-04-02 13:18:46.245497,23.571632886314905
2026-04-02 14:18:46.245497,21.577576436496468
2026-04-02 15:18:46.245497,13.781098110743597
2026-04-02 16:18:46.245497,8.734847757805612
2026-04-02 17:18:46.245497,11.449300110224895
2026-04-02 18:18:46.245497,19.74061802537017
2026-04-02 19:18:46.245497,28.370392151981417
2026-04-02 20:18:46.245497,30.683982432664724
2026-04-02 21:18:46.245497,26.193364954085258
2026-04-02 22:18:46.245497,19.258186493820148
2026-04-02 23:18:46.245497,15.89471422761563
2026-04-03 00:18:46.245497,15.842071743356094
2026-04-03 01:18:46.245497,17.300049093644763
2026-04-03 02:18:46.245497,18.06911221857286
2026-04-03 03:18:46.245497,16.204972387767295
2026-04-03 04:18:46.245497,15.86920457604959
2026-04-03 05:18:46.245497,20.27186351076521
2026-04-03 06:18:46.245497,26.504782514908154
2026-04-03 07:18:46.245497,31.061705048545818
2026-04-03 08:18:46.245497,27.84869834100541
2026-04-03 09:18:46.245497,19.77714367976622
2026-04-03 10:18:46.245497,11.390840558701232
2026-04-03 11:18:46.245497,8.799621322442318
2026-04-03 12:18:46.245497,12.802075468980718
2026-04-03 13:18:46.245497,19.53348766875433
2026-04-03 14:18:46.245497,24.67201953790598
2026-04-03 15:18:46.245497,24.184550722139253
2026-04-03 16:18:46.245497,21.795670042891146
2026-04-03 17:18:46.245497,22.887246218625556
2026-04-03 18:18:46.245497,23.710740122902227
2026-04-03 19:18:46.245497,23.641271522168616
2026-04-03 20:18:46.245497,19.547932347557385
2026-04-03 21:18:46.245497,12.595209692220124
2026-04-03 22:18:46.245497,8.560450581062332
2026-04-03 23:18:46.245497,11.048331629340895
2026-04-04 00:18:46.245497,18.874325090993622
2026-04-04 01:18:46.245497,28.32756012916641
2026-04-04 02:18:46.245497,31.44867644133094
2026-04-04 03:18:46.245497,26.709549730213993
2026-04-04 04:18:46.245497,19.43974531483174
2026-04-04 05:18:46.245497,16.05169188644391
2026-04-04 06:18:46.245497,15.923747952277878
2026-04-04 07:18:46.245497,17.901614885439365
2026-04-04 08:18:46.245497,17.169965485234776
2026-04-04 09:18:46.245497,15.121449704919051
2026-04-04 10:18:46.245497,16.47486210611954
2026-04-04 11:18:46.245497,19.426801307335836
2026-04-04 12:18:46.245497,26.87868306890833
2026-04-04 13:18:46.245497,31.776236141675522
2026-04-04 14:18:46.245497,28.755959698447118
2026-04-04 15:18:46.245497,19.400977081189993
2026-04-04 16:18:46.245497,10.381350930971307
2026-04-04 17:18:46.245497,8.85149607664453
2026-04-04 18:18:46.245497,13.974972300074064
2026-04-04 19:18:46.245497,20.249344467975487
2026-04-04 20:18:46.245497,24.30255701091559
2026-04-04 21:18:46.245497,24.56632553392791
2026-04-04 22:18:46.245497,22.422739093863147
2026-04-04 23:18:46.245497,22.438188500042934
2026-04-05 00:18:46.245497,23.660082433564142
2026-04-05 01:18:46.245497,25.22902471247026
2026-04-05 02:18:46.245497,20.374643753366183
2026-04-05 03:18:46.245497,13.252372855759623
2026-04-05 04:18:46.245497,8.38122989824796
2026-04-05 05:18:46.245497,11.302455945000325
2026-04-05 06:18:46.245497,20.268159107545895
2026-04-05 07:18:46.245497,28.342282835391952
2026-04-05 08:18:46.245497,32.06697492213806
2026-04-05 09:18:46.245497,27.18470092816726
2026-04-05 10:18:46.245497,20.394638379182865
2026-04-05 11:18:46.245497,15.473057234086006
2026-04-05 12:18:46.245497,15.255314266961026
2026-04-05 13:18:46.245497,17.267012882988382
2026-04-05 14:18:46.245497,18.190291129589117
2026-04-05 15:18:46.245497,16.231709532699362
2026-04-05 16:18:46.245497,15.110589120052934
2026-04-05 17:18:46.245497,19.655752305667356
2026-04-05 18:18:46.245497,26.087118865034526
2026-04-05 19:18:46.245497,30.396693372880055
2026-04-05 20:18:46.245497,28.119632631943656
2026-04-05 21:18:46.245497,19.906910682484714
2026-04-05 22:18:46.245497,11.259731995721502
2026-04-05 23:18:46.245497,9.564465963094847
2026-04-06 00:18:46.245497,14.196170977191198
2026-04-06 01:18:46.245497,20.134476971966365
2026-04-06 02:18:46.245497,23.89842300203127
2026-04-06 03:18:46.245497,23.77104033294538
2026-04-06 04:18:46.245497,21.854470780455298
2026-04-06 05:18:46.245497,22.159122500442795
2026-04-06 06:18:46.245497,24.066834532834882
2026-04-06 07:18:46.245497,24.662861563479126
2026-04-06 08:18:46.245497,19.771540196050427
2026-04-06 09:18:46.245497,13.375811580867474
2026-04-06 10:18:46.245497,9.613656819078495
2026-04-06 11:18:46.245497,12.059055375119852
2026-04-06 12:18:46.245497,19.669794245388584
2026-04-06 13:18:46.245497,27.977953188832267
2026-04-06 14:18:46.245497,31.43003844781468
2026-04-06 15:18:46.245497,26.443274426754815
2026-04-06 16:18:46.245497,20.27211320465767
2026-04-06 17:18:46.245497,15.710327223713154
2026-04-06 18:18:46.245497,15.500905241968406
2026-04-06 19:18:46.245497,16.9309135409014
2026-04-06 20:18:46.245497,17.202471255502587
2026-04-06 21:18:46.245497,15.762155094909712
2026-04-06 22:18:46.245497,14.58626116536522
2026-04-06 23:18:46.245497,19.76906764589196
2026-04-07 00:18:46.245497,26.12183946117819
2026-04-07 01:18:46.245497,29.888508419686538
2026-04-07 02:18:46.245497,29.059733213218603
2026-04-07 03:18:46.245497,20.371856138466843
2026-04-07 04:18:46.245497,12.42069150229824
2026-04-07 05:18:46.245497,8.851075320304908
2026-04-07 06:18:46.245497,13.70855191584093
2026-04-07 07:18:46.245497,20.724861327974743
2026-04-07 08:18:46.245497,25.171727608019417
2026-04-07 09:18:46.245497,23.676328029706454
2026-04-07 10:18:46.245497,21.816809423506555
2026-04-07 11:18:46.245497,22.07260183876088
2026-04-07 12:18:46.245497,24.078065495636757
2026-04-07 13:18:46.245497,24.871451931883165
2026-04-07 14:18:46.245497,19.977869174085654
2026-04-07 15:18:46.245497,13.429829063185327
2026-04-07 16:18:46.245497,8.56005942958187
2026-04-07 17:18:46.245497,12.290734484284691
2026-04-07 18:18:46.245497,19.917273883413362
2026-04-07 19:18:46.245497,28.256740905205675
2026-04-07 20:18:46.245497,31.678800840605387
2026-04-07 21:18:46.245497,26.905605746253336
2026-04-07 22:18:46.245497,19.873280379151872
2026-04-07 23:18:46.245497,14.722074178548247
2026-04-08 00:18:46.245497,15.655315744676843
2026-04-08 01:18:46.245497,17.2175122746311
2026-04-08 02:18:46.245497,17.20712339189645
2026-04-08 03:18:46.245497,15.775895552335097
2026-04-08 04:18:46.245497,14.89161699611156
2026-04-08 05:18:46.245497,19.065349392865613
2026-04-08 06:18:46.245497,26.943641024395603
2026-04-08 07:18:46.245497,31.796796050455985
2026-04-08 08:18:46.245497,27.99073640384299
2026-04-08 09:18:46.245497,21.06531654022321
2026-04-08 10:18:46.245497,11.352817727438993
2026-04-08 11:18:46.245497,8.757551450850313
2026-04-08 12:18:46.245497,13.40173563345187
2026-04-08 13:18:46.245497,19.70960494317371
2026-04-08 14:18:46.245497,24.2313209359142
2026-04-08 15:18:46.245497,24.852970253807424
2026-04-08 16:18:46.245497,22.536561237664433
2026-04-08 17:18:46.245497,21.94677903584874
2026-04-08 18:18:46.245497,24.089904306375026
2026-04-08 19:18:46.245497,24.743482341984294
2026-04-08 20:18:46.245497,21.726484147496773
2026-04-08 21:18:46.245497,12.809531750059186
2026-04-08 22:18:46.245497,8.936431906144403
2026-04-08 23:18:46.245497,11.537668208469286
2026-04-09 00:18:46.245497,19.729380380089687
2026-04-09 01:18:46.245497,28.162339045379596
2026-04-09 02:18:46.245497,31.308488237521175
2026-04-09 03:18:46.245497,27.575343386930662
2026-04-09 04:18:46.245497,21.05847797616096
2026-04-09 05:18:46.245497,14.989464184689322
2026-04-09 06:18:46.245497,15.957300895988025
2026-04-09 07:18:46.245497,17.6814220521291
2026-04-09 08:18:46.245497,16.95931836529546
2026-04-09 09:18:46.245497,16.298007082125395
2026-04-09 10:18:46.245497,16.10838319827772
2026-04-09 11:18:46.245497,20.762954252048754
2026-04-09 12:18:46.245497,26.22890427503125
2026-04-09 13:18:46.245497,31.17458672223594
2026-04-09 14:18:46.245497,28.327319555809385
2026-04-09 15:18:46.245497,20.494652482276223
2026-04-09 16:18:46.245497,10.834688688471838
2026-04-09 17:18:46.245497,9.5335223715171
2026-04-09 18:18:46.245497,13.430225389384383
2026-04-09 19:18:46.245497,19.138593330297965
2026-04-09 20:18:46.245497,24.324263070141683
2026-04-09 21:18:46.245497,22.95648170838054
2026-04-09 22:18:46.245497,22.05016922855541
2026-04-09 23:18:46.245497,22.533597939540723
2026-04-10 00:18:46.245497,23.04723439495137
2026-04-10 01:18:46.245497,23.953662036007373
2026-04-10 02:18:46.245497,20.27045822416189
2026-04-10 03:18:46.245497,12.63843460887353
2026-04-10 04:18:46.245497,7.971622770612657
2026-04-10 05:18:46.245497,10.901744064463262
2026-04-10 06:18:46.245497,20.377992378060174
2026-04-10 07:18:46.245497,27.785574764111903
2026-04-10 08:18:46.245497,31.42339100238243
2026-04-10 09:18:46.245497,26.34635675243333
2026-04-10 10:18:46.245497,19.705318201707453
2026-04-10 11:18:46.245497,15.419297035270084
2026-04-10 12:18:46.245497,15.9639535849169
2026-04-10 13:18:46.245497,18.017059245101446
2026-04-10 14:18:46.245497,18.206699268622874
2026-04-10 15:18:46.245497,16.21106445254287
2026-04-10 16:18:46.245497,15.203163663112267
2026-04-10 17:18:46.245497,19.27948669846265
2026-04-10 18:18:46.245497,26.028625144212562
2026-04-10 19:18:46.245497,31.463293757977876
2026-04-10 20:18:46.245497,29.12311119529619
2026-04-10 21:18:46.245497,20.035743819683294
2026-04-10 22:18:46.245497,11.181262253884553
2026-04-10 23:18:46.245497,8.802025559783633
2026-04-11 00:18:46.245497,12.6167406359465
2026-04-11 01:18:46.245497,20.762483254601978
2026-04-11 02:18:46.245497,24.831296793605688
2026-04-11 03:18:46.245497,23.846181232190474
2026-04-11 04:18:46.245497,22.693220521650186
2026-04-11 05:18:46.245497,22.547037313559215
2026-04-11 06:18:46.245497,23.528249229969262
2026-04-11 07:18:46.245497,23.859495540541754
2026-04-11 08:18:46.245497,20.9410299333388
2026-04-11 09:18:46.245497,14.357469621778966
2026-04-11 10:18:46.245497,7.94490084890021
2026-04-11 11:18:46.245497,11.08951385666642
2026-04-11 12:18:46.245497,20.19962140412018
2026-04-11 13:18:46.245497,29.192627948833863
2026-04-11 14:18:46.245497,31.562694441345055
2026-04-11 15:18:46.245497,27.545772215327272
2026-04-11 16:18:46.245497,20.31175511760514
2026-04-11 17:18:46.245497,15.74679248973908
2026-04-11 18:18:46.245497,15.689106962485956
2026-04-11 19:18:46.245497,17.15867817321252
2026-04-11 20:18:46.245497,17.263041926220822
2026-04-11 21:18:46.245497,16.454863775087084
2026-04-11 22:18:46.245497,15.926562280115855
2026-04-11 23:18:46.245497,20.421090717626612
2026-04-12 00:18:46.245497,26.547622545476187
2026-04-12 01:18:46.245497,30.306353846373863
2026-04-12 02:18:46.245497,28.42103804535486
2026-04-12 03:18:46.245497,20.323923097874246
2026-04-12 04:18:46.245497,12.495156379249693
2026-04-12 05:18:46.245497,7.705206216841543
2026-04-12 06:18:46.245497,12.957262780201685
2026-04-12 07:18:46.245497,20.14323356915943
2026-04-12 08:18:46.245497,24.517702156464356
2026-04-12 09:18:46.245497,24.573012964783857
2026-04-12 10:18:46.245497,22.652503165044255
2026-04-12 11:18:46.245497,24.318257423140704
2026-04-12 12:18:46.245497,23.336903667800897
2026-04-12 13:18:46.245497,23.823628431061003
2026-04-12 14:18:46.245497,20.199206129804036
2026-04-12 15:18:46.245497,13.30858064217566
2026-04-12 16:18:46.245497,9.439475911505879
2026-04-12 17:18:46.245497,11.198400746041354
2026-04-12 18:18:46.245497,18.68921551684672
2026-04-12 19:18:46.245497,28.5595161315919
2026-04-12 20:18:46.245497,31.420050332950325
2026-04-12 21:18:46.245497,26.705285280314985
2026-04-12 22:18:46.245497,19.76803387355402
2026-04-12 23:18:46.245497,15.579920659238418
2026-04-13 00:18:46.245497,16.034665290938857
2026-04-13 01:18:46.245497,16.726052202432374
2026-04-13 02:18:46.245497,17.438063866881347
2026-04-13 03:18:46.245497,15.539257796210725
2026-04-13 04:18:46.245497,15.460369113250014
2026-04-13 05:18:46.245497,20.509520992717945
2026-04-13 06:18:46.245497,26.309269509847027
2026-04-13 07:18:46.245497,31.09523160863934
2026-04-13 08:18:46.245497,28.716778078832576
2026-04-13 09:18:46.245497,20.219801779840754
2026-04-13 10:18:46.245497,9.791216762071748
2026-04-13 11:18:46.245497,9.429159449187361
2026-04-13 12:18:46.245497,13.50486635198307
2026-04-13 13:18:46.245497,20.948927898128517
2026-04-13 14:18:46.245497,24.78747602076683
2026-04-13 15:18:46.245497,24.58854956334586
2026-04-13 16:18:46.245497,22.259473230611448
2026-04-13 17:18:46.245497,21.954142024255166
2026-04-13 18:18:46.245497,23.916895536205658
2026-04-13 19:18:46.245497,23.438518405696204
2026-04-13 20:18:46.245497,19.975150100172254
2026-04-13 21:18:46.245497,12.572090514470059
2026-04-13 22:18:46.245497,8.034762299014705
2026-04-13 23:18:46.245497,11.191339984808383
2026-04-14 00:18:46.245497,20.195978950668696
2026-04-14 01:18:46.245497,29.311591039134115
2026-04-14 02:18:46.245497,30.91657557808136
2026-04-14 03:18:46.245497,26.793949653331243
2026-04-14 04:18:46.245497,20.53255719799163
2026-04-14 05:18:46.245497,15.744548543233531
2026-04-14 06:18:46.245497,16.042919000267876
2026-04-14 07:18:46.245497,17.613573290626675
2026-04-14 08:18:46.245497,17.49142914464564
2026-04-14 09:18:46.245497,15.590352047991182
2026-04-14 10:18:46.245497,15.598129348894776
2026-04-14 11:18:46.245497,20.200484651097323
2026-04-14 12:18:46.245497,26.111943051901704
2026-04-14 13:18:46.245497,31.018516920449148
2026-04-14 14:18:46.245497,28.192658029878967
2026-04-14 15:18:46.245497,20.0210356460763
2026-04-14 16:18:46.245497,11.922115832870213
2026-04-14 17:18:46.245497,9.047234572713814
2026-04-14 18:18:46.245497,13.219396359806879
2026-04-14 19:18:46.245497,19.67209506887067
2026-04-14 20:18:46.245497,25.05280317358327
2026-04-14 21:18:46.245497,24.715995522422762
2026-04-14 22:18:46.245497,23.037404258392726
2026-04-14 23:18:46.245497,22.74833765331237
2026-04-15 00:18:46.245497,23.69177938151235
2026-04-15 01:18:46.245497,25.04652839778981
2026-04-15 02:18:46.245497,20.538271226185884
2026-04-15 03:18:46.245497,13.825134482867613
2026-04-15 04:18:46.245497,8.742017044063466
2026-04-15 05:18:46.245497,12.03441793076122
2026-04-15 06:18:46.245497,20.031593718853294
2026-04-15 07:18:46.245497,29.367480441739744
2026-04-15 08:18:46.245497,30.526700740038837
2026-04-15 09:18:46.245497,26.408407060513742
2026-04-15 10:18:46.245497,19.68278596963327
2026-04-15 11:18:46.245497,16.065418530164695
2026-04-15 12:18:46.245497,16.298832099598027
2026-04-15 13:18:46.245497,16.931131197685524
2026-04-15 14:18:46.245497,17.2128029083058
2026-04-15 15:18:46.245497,15.023483380238808
2026-04-15 16:18:46.245497,15.370757532250673
2026-04-15 17:18:46.245497,19.833639588331202
2026-04-15 18:18:46.245497,26.564936287494366
2026-04-15 19:18:46.245497,31.491220611284653
2026-04-15 20:18:46.245497,27.415299364246493
2026-04-15 21:18:46.245497,20.46038217731229
2026-04-15 22:18:46.245497,11.012879702003445
2026-04-15 23:18:46.245497,8.960502406172466
2026-04-16 00:18:46.245497,13.650351109286012
2026-04-16 01:18:46.245497,20.063601234297273
2026-04-16 02:18:46.245497,24.772390409840607
2026-04-16 03:18:46.245497,25.00796208282151
2026-04-16 04:18:46.245497,21.990356021289188
2026-04-16 05:18:46.245497,22.10172883597494
2026-04-16 06:18:46.245497,23.620700014308756
2026-04-16 07:18:46.245497,24.489728655526896
2026-04-16 08:18:46.245497,19.782042728442576
2026-04-16 09:18:46.245497,13.409492692922555
2026-04-16 10:18:46.245497,9.973943259855098
2026-04-16 11:18:46.245497,11.3201597117109
2026-04-16 12:18:46.245497,19.381918017774787
2026-04-16 13:18:46.245497,29.487309417109117
2026-04-16 14:18:46.245497,30.64565626082672
2026-04-16 15:18:46.245497,26.168706375826304
2026-04-16 16:18:46.245497,19.8544530991422
2026-04-16 17:18:46.245497,15.5361830514165
2026-04-16 18:18:46.245497,16.2557710634109
2026-04-16 19:18:46.245497,17.611952955716983
2026-04-16 20:18:46.245497,17.10946760569255
2026-04-16 21:18:46.245497,15.909639460779497
2026-04-16 22:18:46.245497,16.496982924861314
2026-04-16 23:18:46.245497,20.14042415001127
2026-04-17 00:18:46.245497,26.354985415700245
2026-04-17 01:18:46.245497,30.47426742829347
2026-04-17 02:18:46.245497,28.313520731637883
2026-04-17 03:18:46.245497,19.86427644672482
2026-04-17 04:18:46.245497,11.336943256923066
2026-04-17 05:18:46.245497,8.538724629333323
2026-04-17 06:18:46.245497,13.47004525907884
2026-04-17 07:18:46.245497,20.257018208994417
2026-04-17 08:18:46.245497,24.345063347255312
2026-04-17 09:18:46.245497,23.013171910911517
2026-04-17 10:18:46.245497,21.827804406086763
2026-04-17 11:18:46.245497,22.583469263495154
2026-04-17 12:18:46.245497,24.03554512516609
2026-04-17 13:18:46.245497,24.591240923016656
2026-04-17 14:18:46.245497,20.479071835521392
2026-04-17 15:18:46.245497,12.323017604624209
2026-04-17 16:18:46.245497,8.363262141082446
2026-04-17 17:18:46.245497,11.53030906377373
2026-04-17 18:18:46.245497,19.53273629168835
2026-04-17 19:18:46.245497,28.2994721036874
2026-04-17 20:18:46.245497,30.104174311238662
2026-04-17 21:18:46.245497,25.36184027549305
2026-04-17 22:18:46.245497,19.798123773961933
2026-04-17 23:18:46.245497,16.084256030985216
2026-04-18 00:18:46.245497,16.26855295785044
2026-04-18 01:18:46.245497,17.850363363220236
2026-04-18 02:18:46.245497,18.430945199429438
2026-04-18 03:18:46.245497,16.089513003514366
2026-04-18 04:18:46.245497,14.963629828596728
2026-04-18 05:18:46.245497,19.586984358051495
2026-04-18 06:18:46.245497,26.455960252546376
2026-04-18 07:18:46.245497,30.85096646543075
2026-04-18 08:18:46.245497,29.124734746005057
2026-04-18 09:18:46.245497,20.556301036501072
2026-04-18 10:18:46.245497,11.784745485451698
2026-04-18 11:18:46.245497,9.571487794316026
2026-04-18 12:18:46.245497,13.748920336185487
2026-04-18 13:18:46.245497,20.61590802746619
2026-04-18 14:18:46.245497,24.28334663759212
2026-04-18 15:18:46.245497,23.97162835653961
2026-04-18 16:18:46.245497,22.589772142975548
2026-04-18 17:18:46.245497,22.4825778121704
2026-04-18 18:18:46.245497,24.17608801861951
2026-04-18 19:18:46.245497,24.408630807680122
2026-04-18 20:18:46.245497,20.233139310701354
2026-04-18 21:18:46.245497,14.138063127233718
2026-04-18 22:18:46.245497,8.950457717380601
2026-04-18 23:18:46.245497,11.411436239857293
2026-04-19 00:18:46.245497,20.393935479813567
2026-04-19 01:18:46.245497,28.449930698899177
2026-04-19 02:18:46.245497,31.191645323558593
2026-04-19 03:18:46.245497,26.01256223319514
2026-04-19 04:18:46.245497,20.02135607626782
2026-04-19 05:18:46.245497,14.942786726124972
2026-04-19 06:18:46.245497,16.53721565403432
2026-04-19 07:18:46.245497,17.156056190836335
2026-04-19 08:18:46.245497,17.422587437098137
2026-04-19 09:18:46.245497,16.206861279804702
2026-04-19 10:18:46.245497,16.1212953133444
2026-04-19 11:18:46.245497,19.63431679336727
2026-04-19 12:18:46.245497,27.439757843980626
2026-04-19 13:18:46.245497,31.54498465876168
2026-04-19 14:18:46.245497,28.521663106185162
2026-04-19 15:18:46.245497,20.483663641072805
2026-04-19 16:18:46.245497,11.042875837634893
2026-04-19 17:18:46.245497,8.306683117020416
2026-04-19 18:18:46.245497,12.548291584498754
2026-04-19 19:18:46.245497,20.669352979460186
2026-04-19 20:18:46.245497,24.97572478684593
2026-04-19 21:18:46.245497,24.06058346376441
2026-04-19 22:18:46.245497,21.88871002835512
2026-04-19 23:18:46.245497,22.858879134659205
2026-04-20 00:18:46.245497,24.665540574938216
2026-04-20 01:18:46.245497,24.23305251286815
2026-04-20 02:18:46.245497,20.369885057602772
2026-04-20 03:18:46.245497,13.154973775609992
2026-04-20 04:18:46.245497,9.205864045206097
2026-04-20 05:18:46.245497,11.717893601310681
2026-04-20 06:18:46.245497,20.167078111038386
2026-04-20 07:18:46.245497,29.13185554539082
2026-04-20 08:18:46.245497,31.227747440321625
2026-04-20 09:18:46.245497,26.24746201640823
2026-04-20 10:18:46.245497,19.47465123023637
2026-04-20 11:18:46.245497,16.15903926847512
2026-04-20 12:18:46.245497,16.67630677165911
2026-04-20 13:18:46.245497,17.835433858125995
2026-04-20 14:18:46.245497,17.384582086069297
2026-04-20 15:18:46.245497,15.56771892607047
2026-04-20 16:18:46.245497,15.873945216934205
2026-04-20 17:18:46.245497,19.634290406059254
2026-04-20 18:18:46.245497,26.41996747200917
2026-04-20 19:18:46.245497,31.159971784821202
2026-04-20 20:18:46.245497,28.998765894182927
2026-04-20 21:18:46.245497,20.23220633825667
2026-04-20 22:18:46.245497,11.154842145076254
2026-04-20 23:18:46.245497,9.135686052525445
2026-04-21 00:18:46.245497,13.141366536614488
2026-04-21 01:18:46.245497,19.388042945254718
2026-04-21 02:18:46.245497,23.6092767059939
2026-04-21 03:18:46.245497,24.32135445656928
2026-04-21 04:18:46.245497,22.067607973275003
2026-04-21 05:18:46.245497,21.31542369300054
2026-04-21 06:18:46.245497,24.63875350704651
2026-04-21 07:18:46.245497,24.45078396383118
2026-04-21 08:18:46.245497,20.490898723389112
2026-04-21 09:18:46.245497,13.338465397580366
2026-04-21 10:18:46.245497,8.406083042352499
2026-04-21 11:18:46.245497,11.032140554160833
2026-04-21 12:18:46.245497,19.873063204789503
2026-04-21 13:18:46.245497,28.05633688079037
2026-04-21 14:18:46.245497,31.025735197463614
2026-04-21 15:18:46.245497,25.94285701922571
2026-04-21 16:18:46.245497,20.273137715758413
2026-04-21 17:18:46.245497,14.9666832999603
2026-04-21 18:18:46.245497,15.099406495939304
2026-04-21 19:18:46.245497,18.105932614822947
2026-04-21 20:18:46.245497,17.09129904118903
2026-04-21 21:18:46.245497,15.78940026643553
2026-04-21 22:18:46.245497,15.868813753172294
2026-04-21 23:18:46.245497,20.26784683197919
2026-04-22 00:18:46.245497,26.31580720933646
2026-04-22 01:18:46.245497,31.279617722207487
2026-04-22 02:18:46.245497,28.101355175945578
2026-04-22 03:18:46.245497,19.66807168427892
2026-04-22 04:18:46.245497,11.657789630835033
2026-04-22 05:18:46.245497,8.25561303318906
2026-04-22 06:18:46.245497,12.325762619642266
2026-04-22 07:18:46.245497,20.293819610982936
2026-04-22 08:18:46.245497,24.73404145853027
2026-04-22 09:18:46.245497,24.240618132886834
2026-04-22 10:18:46.245497,21.369582535777724
2026-04-22 11:18:46.245497,23.55289159466681
2026-04-22 12:18:46.245497,24.207575002480624
2026-04-22 13:18:46.245497,24.477942089349092
2026-04-22 14:18:46.245497,19.652154695841638
2026-04-22 15:18:46.245497,13.532275124126635
2026-04-22 16:18:46.245497,8.078214144586925
2026-04-22 17:18:46.245497,11.958009569598198
2026-04-22 18:18:46.245497,20.65176247568531
2026-04-22 19:18:46.245497,28.865060638406394
2026-04-22 20:18:46.245497,29.71561664702395
2026-04-22 21:18:46.245497,26.955142926046864
2026-04-22 22:18:46.245497,19.382307611456678
2026-04-22 23:18:46.245497,15.52331487942447
2026-04-23 00:18:46.245497,16.157099229778286
2026-04-23 01:18:46.245497,17.590689845639623
2026-04-23 02:18:46.245497,17.610549328574262
2026-04-23 03:18:46.245497,16.994030735785913
2026-04-23 04:18:46.245497,15.167242982157246
2026-04-23 05:18:46.245497,20.82648916993947
2026-04-23 06:18:46.245497,26.94841127150886
2026-04-23 07:18:46.245497,31.445237454665126
2026-04-23 08:18:46.245497,28.412747166145255
2026-04-23 09:18:46.245497,20.15534252329219
2026-04-23 10:18:46.245497,11.5855111011115
2026-04-23 11:18:46.245497,9.291968293147981
2026-04-23 12:18:46.245497,13.51560258687233
2026-04-23 13:18:46.245497,19.347846612914342
2026-04-23 14:18:46.245497,24.824049052550254
2026-04-23 15:18:46.245497,24.459933005401695
2026-04-23 16:18:46.245497,22.35499714704836
2026-04-23 17:18:46.245497,22.596498727560043
2026-04-23 18:18:46.245497,24.335756394403436
2026-04-23 19:18:46.245497,23.96136427749107
2026-04-23 20:18:46.245497,20.593259023363895
2026-04-23 21:18:46.245497,13.034678326636348
2026-04-23 22:18:46.245497,9.19687982668476
2026-04-23 23:18:46.245497,10.863565738527937
2026-04-24 00:18:46.245497,20.29651765469859
2026-04-24 01:18:46.245497,28.134113738229825
2026-04-24 02:18:46.245497,31.016844268519304
2026-04-24 03:18:46.245497,26.467591727399963
2026-04-24 04:18:46.245497,19.248630313998053
2026-04-24 05:18:46.245497,15.11797013184392
2026-04-24 06:18:46.245497,16.27896088036348
2026-04-24 07:18:46.245497,17.304808630783004
2026-04-24 08:18:46.245497,16.44500814753375
2026-04-24 09:18:46.245497,16.812641692850686
2026-04-24 10:18:46.245497,15.602699831535887
2026-04-24 11:18:46.245497,18.979716729366196
2026-04-24 12:18:46.245497,26.80634242658191
2026-04-24 13:18:46.245497,31.292193045826675
2026-04-24 14:18:46.245497,29.02169541932077
2026-04-24 15:18:46.245497,20.154695124522707
2026-04-24 16:18:46.245497,12.520729151934196
2026-04-24 17:18:46.245497,8.381181701511839
2026-04-24 18:18:46.245497,11.575790247268758
2026-04-24 19:18:46.245497,21.543966721659242
2026-04-24 20:18:46.245497,24.973619593750552
2026-04-24 21:18:46.245497,24.022921186351518
2026-04-24 22:18:46.245497,21.94941560268037
2026-04-24 23:18:46.245497,22.13376856825856
2026-04-25 00:18:46.245497,24.267398424465636
2026-04-25 01:18:46.245497,24.401530661874947
2026-04-25 02:18:46.245497,20.150649358750854
2026-04-25 03:18:46.245497,14.144141407062765
2026-04-25 04:18:46.245497,8.702043945627416
2026-04-25 05:18:46.245497,11.732921654670657
